Email,Courses 1,Course 1 Section,Course 1 HW_No,Course 1 HW_Grade,Courses 2,Course 2 Section,Course 2 HW_No,Course 2 HW_Grade,Courses 3,Course 3 Section,Course 3 HW_No,Course 3 HW_Grade
aly8942@lionstate.edu,EE320,1,1,93,EE212,1,1,85,CMPEN454,2,1,90
amu1270@lionstate.edu,PHYS212,2,1,95,IST110,1,1,64,CMPEN331,1,1,60
aki5907@lionstate.edu,CMPEN411,2,1,79,MATH231,1,1,80,CHEM111,1,1,74
ash5820@lionstate.edu,CMPSC360,1,1,60,CMPEN431,2,1,69,EE330,1,1,67
ale8219@lionstate.edu,CMPSC497,2,1,97,CMPSC461,1,1,96,CMPSC475,2,1,97
ale8939@lionstate.edu,CMPSC360,1,1,88,PHYS213,1,1,75,ECON101,1,1,94
ahi5324@lionstate.edu,CMPEN351,2,1,75,STAT414,1,1,80,MATH230,2,1,84
abe4600@lionstate.edu,PHYS211,1,1,78,CMPEN270,1,1,96,STAT319,2,1,95
akr4205@lionstate.edu,CMPSC465,2,1,71,STAT414,1,1,96,STAT415,1,1,80
ato9019@lionstate.edu,PHYS214,2,1,96,IST558,1,1,86,CSE583,2,1,70
asc2712@lionstate.edu,CSE583,2,1,67,CMPSC360,1,1,73,IST110,2,1,76
aha9325@lionstate.edu,STAT414,2,1,80,EE353,2,1,62,CMPSC448,1,1,67
abo7856@lionstate.edu,CMPEN441,2,1,72,CMPEN351,2,1,63,PHYS214,1,1,67
atr9605@lionstate.edu,CMPEN431,1,1,90,CMPSC221,2,1,60,PHYS211,1,1,90
aok9861@lionstate.edu,PHYS212,2,1,79,CSE583,2,1,80,DS220,2,1,79
ali8897@lionstate.edu,EE352,1,1,65,ECON102,2,1,90,CMPSC132,1,1,82
abe6138@lionstate.edu,EE340,1,1,67,EE212,2,1,87,EE211,1,1,82
ale7189@lionstate.edu,CHEM111,1,1,76,EE210,2,1,84,EE352,1,1,80
aja3132@lionstate.edu,STAT318,1,1,66,EE210,1,1,91,EE212,1,1,90
aro5704@lionstate.edu,CSE543,2,1,72,CHEM111,1,1,77,DS120,1,1,85
amo7945@lionstate.edu,CMPSC461,1,1,79,MATH230,1,1,61,CHEM111,1,1,85
ast1122@lionstate.edu,IST558,2,1,73,MATH231,1,1,87,EE210,1,1,100
azu5256@lionstate.edu,IST110,2,1,76,MATH140,2,1,71,STAT318,2,1,86
abo9166@lionstate.edu,MATH140,2,1,78,CHEM110,1,1,95,CMPSC475,2,1,96
apa5949@lionstate.edu,CMPEN454,1,1,79,IST558,1,1,97,CMPEN441,1,1,65
aga6525@lionstate.edu,DS220,1,1,75,CMPSC448,1,1,69,MATH231,1,1,100
ami4349@lionstate.edu,MATH140,2,1,69,CMPEN454,1,1,73,IST558,2,1,84
abr9092@lionstate.edu,CHEM110,1,1,85,EE353,2,1,64,CMPEN362,1,1,74
ahe1989@lionstate.edu,IST128,1,1,74,STAT319,1,1,88,DS120,2,1,66
ade2931@lionstate.edu,EE311,1,1,96,CHEM111,2,1,76,CSE543,1,1,79
awi2065@lionstate.edu,PHYS213,2,1,98,ECON201,2,1,83,EE353,2,1,97
lje9488@lionstate.edu,MATH140,2,1,95,CHEM112,1,1,93,STAT318,2,1,61
rbr2525@lionstate.edu,EE320,1,1,60,DS120,2,1,74,ECON101,2,1,94
ldi6656@lionstate.edu,IST110,2,1,62,CMPSC475,1,1,66,MATH231,2,1,67
mdi4539@lionstate.edu,CMPEN431,2,1,66,CMPSC360,2,1,66,EE330,2,1,67
kfa9089@lionstate.edu,CMPEN362,2,1,91,CMPEN331,1,1,66,PHYS211,1,1,84
pzi2408@lionstate.edu,CHEM112,1,1,98,CHEM111,1,1,78,EE212,2,1,77
mru3359@lionstate.edu,STAT319,1,1,68,CMPSC132,2,1,90,CMPEN431,1,1,70
sco1712@lionstate.edu,PHYS211,2,1,96,CMPSC448,1,1,75,CMPSC221,2,1,93
tpa5190@lionstate.edu,IST128,2,1,81,PHYS214,1,1,84,MATH230,2,1,96
ihi8422@lionstate.edu,CMPEN331,2,1,87,CMPEN362,1,1,73,PHYS213,1,1,64
mel3938@lionstate.edu,EE311,1,1,97,STAT319,1,1,91,CMPEN454,1,1,98
pri2221@lionstate.edu,CMPSC461,1,1,93,STAT415,2,1,68,IST110,2,1,86
nku3451@lionstate.edu,EE211,1,1,73,EE210,1,1,85,IST558,2,1,84
jze6681@lionstate.edu,CMPSC475,1,1,75,CMPSC431W,1,1,80,ECON201,1,1,100
jpa6316@lionstate.edu,ECON101,1,1,89,EE353,2,1,82,CHEM110,2,1,85
lke7167@lionstate.edu,MATH140,2,1,96,EE353,1,1,63,MATH141,1,1,100
kst7090@lionstate.edu,ECON101,1,1,95,STAT415,1,1,70,CMPSC448,1,1,85
mst7516@lionstate.edu,STAT415,2,1,93,CMPEN411,1,1,87,CMPSC311,2,1,61
ihu2594@lionstate.edu,CMPSC431W,1,1,93,CMPSC497,2,1,96,CMPSC475,1,1,67
sma8389@lionstate.edu,STAT318,1,1,78,CMPEN411,2,1,62,CSE583,1,1,85
jsc7283@lionstate.edu,CMPSC475,2,1,99,DS120,1,1,79,CMPEN431,1,1,87
mbl5527@lionstate.edu,DS120,2,1,86,CMPSC475,2,1,63,EE340,2,1,95
rmc1213@lionstate.edu,CMPEN454,1,1,67,EE311,1,1,92,MATH141,1,1,98
mge3655@lionstate.edu,PHYS214,1,1,77,ECON102,1,1,63,IST110,2,1,90
kca7584@lionstate.edu,EE211,1,1,82,CMPSC311,1,1,84,EE330,1,1,68
rhi3330@lionstate.edu,DS120,2,1,78,ECON201,1,1,88,CMPSC465,1,1,79
jha3634@lionstate.edu,EE352,2,1,69,CMPSC131,1,1,86,EE330,2,1,86
mse3018@lionstate.edu,ECON101,1,1,68,EE210,2,1,97,EE353,2,1,67
jle7688@lionstate.edu,ECON102,2,1,65,EE340,1,1,82,DS120,1,1,79
mre6097@lionstate.edu,PHYS213,2,1,87,MATH141,1,1,88,ECON201,1,1,64
mar7316@lionstate.edu,CMPEN270,1,1,100,EE353,2,1,76,CMPEN411,2,1,70
rbo4096@lionstate.edu,CMPEN351,1,1,86,STAT415,2,1,78,ECON102,1,1,68
jco8261@lionstate.edu,PHYS211,1,1,66,CMPSC465,2,1,63,CMPEN454,2,1,87
kgu3649@lionstate.edu,EE352,2,1,94,IST128,1,1,64,ECON101,1,1,95
lgr2017@lionstate.edu,CMPSC131,1,1,70,CMPSC465,2,1,92,MATH230,2,1,68
sgr6837@lionstate.edu,CMPSC497,2,1,69,CHEM112,1,1,90,PHYS211,1,1,72
tpr4269@lionstate.edu,CMPEN441,2,1,66,DS120,2,1,68,EE340,2,1,71
sbo2144@lionstate.edu,IST128,1,1,60,PHYS212,2,1,80,EE210,2,1,61
mha5312@lionstate.edu,CMPSC497,2,1,80,PHYS211,2,1,85,CMPEN331,2,1,89
vsa8991@lionstate.edu,IST110,2,1,85,MATH230,1,1,83,CHEM111,2,1,92
mma8341@lionstate.edu,STAT319,1,1,66,MATH141,2,1,66,PHYS213,2,1,90
tgl2369@lionstate.edu,CMPEN441,1,1,82,CHEM110,2,1,71,CMPSC497,2,1,77
mku3151@lionstate.edu,CSE543,1,1,88,EE340,2,1,65,EE353,2,1,60
sal4395@lionstate.edu,CSE543,1,1,72,EE352,2,1,61,CMPSC461,1,1,89
kni2503@lionstate.edu,ECON201,2,1,76,CMPEN441,1,1,73,EE353,1,1,76
jki2803@lionstate.edu,CMPEN362,2,1,88,PHYS213,1,1,64,ECON102,1,1,60
mdu3807@lionstate.edu,CMPSC448,1,1,68,CMPEN270,2,1,78,STAT415,2,1,62
mch6748@lionstate.edu,IST110,2,1,89,CMPEN331,1,1,79,CMPEN351,1,1,94
lla3945@lionstate.edu,CMPSC132,1,1,62,IST110,2,1,79,ECON101,1,1,97
mre5662@lionstate.edu,ECON201,2,1,67,CHEM112,2,1,72,DS220,1,1,97
tba6345@lionstate.edu,EE311,2,1,89,CMPSC132,2,1,72,IST558,1,1,77
wmo7407@lionstate.edu,MATH231,2,1,95,CMPSC448,2,1,77,CMPSC131,2,1,71
jbr7032@lionstate.edu,CMPEN454,2,1,91,CHEM111,1,1,68,MATH231,1,1,100
ko'2102@lionstate.edu,CHEM110,1,1,63,CMPSC360,2,1,86,CMPEN431,2,1,78
zjo1462@lionstate.edu,EE311,2,1,61,CMPSC465,2,1,61,CSE543,1,1,96
mba9287@lionstate.edu,PHYS211,1,1,92,EE340,2,1,96,DS120,2,1,93
mru3829@lionstate.edu,EE320,2,1,69,MATH230,2,1,73,CMPEN431,2,1,85
mde6603@lionstate.edu,EE311,1,1,89,CMPEN411,1,1,72,IST128,2,1,90
kmi8049@lionstate.edu,DS120,2,1,90,CSE583,2,1,64,CMPEN431,2,1,98
sgl1030@lionstate.edu,CMPEN270,1,1,100,MATH231,2,1,79,IST558,1,1,64
mst1558@lionstate.edu,MATH140,2,1,94,CMPSC448,2,1,71,CMPEN351,2,1,81
tmo8266@lionstate.edu,STAT318,2,1,94,DS120,2,1,71,CMPSC221,1,1,85
jgr3574@lionstate.edu,CMPEN411,2,1,94,CMPEN351,1,1,96,STAT319,1,1,91
ycr1322@lionstate.edu,CMPEN270,1,1,91,EE352,2,1,61,CMPEN441,2,1,90
sst9336@lionstate.edu,CSE583,1,1,82,STAT414,1,1,62,ECON101,2,1,74
rbo1548@lionstate.edu,PHYS214,2,1,86,CMPEN431,1,1,67,EE210,1,1,64
zre8115@lionstate.edu,CHEM110,2,1,79,CMPSC448,1,1,77,MATH141,1,1,63
rch5723@lionstate.edu,EE212,2,1,95,CMPSC465,1,1,70,EE353,1,1,70
jtu5218@lionstate.edu,CMPSC221,2,1,68,CMPEN431,2,1,86,CSE543,2,1,95
lob8984@lionstate.edu,CMPEN270,2,1,79,CMPEN331,1,1,87,CMPSC221,1,1,67
tru4888@lionstate.edu,STAT414,1,1,75,EE211,1,1,85,STAT318,2,1,79
lru4870@lionstate.edu,CMPSC475,2,1,66,CHEM110,1,1,85,MATH230,2,1,83
xgr6403@lionstate.edu,PHYS212,2,1,81,CMPEN331,1,1,73,ECON101,1,1,86
mel4420@lionstate.edu,CSE583,2,1,92,STAT318,1,1,87,MATH231,2,1,99
lre4938@lionstate.edu,EE211,1,1,82,ECON101,1,1,87,EE320,1,1,77
she6009@lionstate.edu,CMPEN351,1,1,64,MATH231,1,1,84,ECON102,2,1,98
lan4217@lionstate.edu,EE320,2,1,95,DS120,2,1,86,CMPEN454,1,1,75
msc4152@lionstate.edu,DS120,2,1,64,CHEM110,2,1,60,CMPSC475,2,1,90
tba6085@lionstate.edu,CMPSC461,1,1,87,CMPSC475,2,1,79,PHYS211,2,1,75
mmu4907@lionstate.edu,STAT415,1,1,70,PHYS214,2,1,76,CMPSC311,2,1,89
tha7400@lionstate.edu,EE212,1,1,65,MATH141,2,1,65,CMPEN331,2,1,70
kko5971@lionstate.edu,MATH141,2,1,74,STAT318,1,1,73,EE211,1,1,96
ndo9422@lionstate.edu,EE211,1,1,67,IST110,1,1,64,CHEM112,1,1,78
sbr4537@lionstate.edu,EE353,2,1,96,EE330,2,1,65,MATH230,1,1,88
rru5828@lionstate.edu,CMPEN431,2,1,82,CMPSC360,1,1,92,CMPSC311,1,1,74
mma5417@lionstate.edu,CMPSC131,1,1,82,CMPSC221,1,1,88,CMPSC360,1,1,63
mre1388@lionstate.edu,PHYS213,1,1,67,STAT319,2,1,97,CMPEN431,2,1,90
lgi1280@lionstate.edu,CHEM110,2,1,87,MATH230,2,1,95,MATH231,2,1,81
jor1361@lionstate.edu,CMPEN331,2,1,62,CMPEN362,1,1,81,EE320,2,1,65
mar8229@lionstate.edu,CMPSC221,2,1,65,CMPSC465,2,1,87,CHEM111,1,1,81
mcu4958@lionstate.edu,STAT414,2,1,80,CMPSC465,2,1,69,STAT319,1,1,88
rsc2927@lionstate.edu,IST110,1,1,64,CMPEN351,2,1,97,CMPSC465,2,1,79
myv4130@lionstate.edu,IST558,2,1,92,CMPSC497,1,1,62,PHYS213,1,1,63
mvo3769@lionstate.edu,CMPSC132,1,1,77,ECON102,1,1,93,PHYS213,2,1,80
vwi2326@lionstate.edu,IST110,1,1,65,CMPSC360,1,1,70,STAT414,1,1,73
nre9702@lionstate.edu,ECON101,2,1,97,DS120,1,1,95,CMPSC360,2,1,73
mal1707@lionstate.edu,CMPEN441,2,1,74,IST110,1,1,96,EE352,1,1,95
mco8919@lionstate.edu,EE211,2,1,80,CHEM110,2,1,78,ECON201,1,1,88
lgo6567@lionstate.edu,CSE543,2,1,90,STAT319,1,1,90,CMPEN441,2,1,95
sha4650@lionstate.edu,CMPEN351,1,1,62,CHEM112,2,1,74,MATH230,2,1,85
mtu7648@lionstate.edu,EE311,2,1,80,CMPEN454,2,1,61,CMPEN431,2,1,83
lto6036@lionstate.edu,CSE583,1,1,94,ECON101,2,1,61,MATH141,1,1,66
jwa5124@lionstate.edu,CMPSC465,1,1,90,CHEM112,1,1,100,CMPEN431,1,1,75
kro8698@lionstate.edu,EE211,2,1,60,STAT318,2,1,79,EE352,1,1,73
nfa5557@lionstate.edu,STAT319,2,1,87,CMPSC221,1,1,100,EE210,1,1,67
md'3250@lionstate.edu,IST110,2,1,65,CHEM112,2,1,98,ECON101,1,1,61
mbr4721@lionstate.edu,EE353,2,1,72,CSE583,1,1,91,CMPEN431,2,1,80
mki9627@lionstate.edu,CMPEN411,2,1,80,IST110,2,1,85,EE352,1,1,71
mka2323@lionstate.edu,STAT319,1,1,66,ECON101,1,1,90,CMPSC461,1,1,86
oco4309@lionstate.edu,EE330,1,1,95,CMPEN362,1,1,72,CMPSC448,1,1,72
kma2934@lionstate.edu,CMPSC461,1,1,73,CSE583,1,1,92,CHEM112,1,1,72
jsc1133@lionstate.edu,CMPSC221,2,1,77,CMPEN331,2,1,75,CMPSC131,2,1,78
jwi1131@lionstate.edu,EE311,1,1,99,EE330,2,1,90,STAT318,1,1,62
vla3135@lionstate.edu,CMPSC311,2,1,63,CMPSC448,1,1,93,EE211,1,1,76
pha3837@lionstate.edu,STAT318,1,1,100,CMPEN411,2,1,100,CMPSC431W,2,1,77
mda8856@lionstate.edu,CMPEN454,1,1,65,CMPSC497,2,1,65,CSE543,2,1,65
jhe9677@lionstate.edu,PHYS214,1,1,97,EE211,1,1,63,EE340,2,1,63
mwh8884@lionstate.edu,EE330,2,1,71,CMPEN431,1,1,60,CMPEN441,1,1,92
lda8145@lionstate.edu,EE330,1,1,63,CMPSC131,1,1,80,ECON102,2,1,74
mca2641@lionstate.edu,CSE583,2,1,63,PHYS211,2,1,76,CMPEN454,1,1,78
lgi8755@lionstate.edu,CSE583,1,1,85,EE210,2,1,100,CHEM111,2,1,82
mma7996@lionstate.edu,CMPSC475,1,1,80,CMPSC360,2,1,65,EE353,1,1,60
rco1350@lionstate.edu,CSE543,1,1,62,DS120,2,1,62,CMPSC311,1,1,63
mze1101@lionstate.edu,CMPSC311,1,1,75,ECON101,1,1,87,CHEM110,1,1,67
mle8029@lionstate.edu,CMPSC461,1,1,83,PHYS212,2,1,61,PHYS213,1,1,70
nhi9400@lionstate.edu,CMPEN362,2,1,75,CMPSC448,2,1,92,CHEM111,2,1,73
msc7404@lionstate.edu,MATH141,2,1,77,CMPEN411,2,1,60,STAT319,1,1,95
mpf1895@lionstate.edu,CMPSC431W,1,1,97,CMPSC448,1,1,66,EE330,1,1,93
lja7548@lionstate.edu,MATH140,2,1,97,EE211,2,1,60,CSE543,2,1,65
sro1687@lionstate.edu,CHEM111,1,1,90,CMPSC497,2,1,76,CHEM112,1,1,77
mti1005@lionstate.edu,MATH231,1,1,81,CMPSC360,1,1,88,CMPEN431,2,1,77
lda3697@lionstate.edu,CMPSC497,1,1,63,MATH231,2,1,71,CSE543,1,1,78
svo1567@lionstate.edu,CMPSC132,2,1,74,EE330,1,1,79,CMPSC475,2,1,60
kfa7315@lionstate.edu,IST558,1,1,96,IST128,2,1,60,STAT319,2,1,80
rhe3959@lionstate.edu,CMPEN441,2,1,67,PHYS213,1,1,72,CSE543,2,1,62
vto8500@lionstate.edu,EE212,2,1,88,CMPEN362,1,1,71,ECON201,2,1,82
lul2667@lionstate.edu,STAT319,1,1,93,CMPSC497,2,1,65,DS120,2,1,97
lbe3298@lionstate.edu,EE330,1,1,86,EE210,2,1,75,MATH141,2,1,78
kba3267@lionstate.edu,CMPEN331,1,1,77,MATH141,1,1,98,PHYS214,2,1,66
rve7599@lionstate.edu,CMPSC221,1,1,75,IST110,2,1,61,CMPEN431,1,1,67
mlo5294@lionstate.edu,CSE543,1,1,72,CHEM110,2,1,94,IST558,1,1,99
mjo3251@lionstate.edu,STAT319,2,1,83,EE311,1,1,73,CMPEN331,2,1,83
jfr4395@lionstate.edu,EE340,2,1,73,MATH141,2,1,60,EE210,2,1,76
ltu9306@lionstate.edu,CMPSC311,2,1,81,IST110,2,1,64,MATH230,1,1,68
jsw5249@lionstate.edu,CMPSC132,2,1,99,CMPEN362,1,1,78,CMPEN331,1,1,86
rfe9835@lionstate.edu,CMPSC221,2,1,90,PHYS211,1,1,71,STAT414,2,1,73
jst9690@lionstate.edu,EE352,1,1,66,STAT318,1,1,97,EE330,2,1,68
kka3493@lionstate.edu,CHEM110,1,1,64,CMPEN331,1,1,94,EE211,1,1,100
mra5395@lionstate.edu,EE330,1,1,79,CMPEN411,2,1,93,EE320,2,1,81
ver7410@lionstate.edu,EE330,1,1,81,CSE543,2,1,84,CSE583,1,1,73
mlo6590@lionstate.edu,CMPEN454,2,1,87,CMPSC461,1,1,65,CMPSC311,1,1,72
ldi8835@lionstate.edu,CMPEN270,1,1,92,IST128,2,1,85,CMPSC131,2,1,76
jku5047@lionstate.edu,DS220,2,1,82,CMPSC497,1,1,85,EE352,1,1,66
ina3083@lionstate.edu,EE212,2,1,94,EE320,2,1,74,STAT415,1,1,83
pbe5438@lionstate.edu,CMPEN362,2,1,82,EE320,1,1,97,MATH230,2,1,84
rfr7251@lionstate.edu,PHYS213,2,1,95,MATH231,1,1,72,EE320,2,1,79
mni1754@lionstate.edu,EE211,2,1,75,MATH230,1,1,60,CMPSC311,2,1,88
sma6410@lionstate.edu,CMPEN351,1,1,61,EE311,2,1,95,DS220,2,1,62
lja5065@lionstate.edu,DS220,2,1,60,CMPEN431,2,1,80,MATH141,2,1,87
wru6659@lionstate.edu,CMPSC221,1,1,93,MATH230,2,1,80,STAT414,2,1,83
wle7976@lionstate.edu,EE212,1,1,74,ECON102,2,1,78,MATH140,1,1,89
jri3730@lionstate.edu,CMPSC131,2,1,66,CHEM112,2,1,98,CMPEN454,2,1,68
nsc1496@lionstate.edu,CMPEN441,2,1,96,CMPEN351,2,1,69,EE330,2,1,93
msh8653@lionstate.edu,MATH141,2,1,64,CMPSC311,2,1,76,PHYS212,1,1,71
nan2109@lionstate.edu,EE212,2,1,84,CMPEN431,2,1,69,CMPSC131,1,1,74
lsc8583@lionstate.edu,CMPSC132,2,1,87,CMPEN331,2,1,95,EE212,1,1,96
sma9638@lionstate.edu,CMPSC465,1,1,89,IST110,2,1,86,EE212,1,1,93
rro3378@lionstate.edu,CSE583,1,1,91,EE320,1,1,82,CMPSC132,1,1,90
lwo9519@lionstate.edu,STAT318,2,1,81,ECON201,1,1,96,EE210,1,1,64
ila1616@lionstate.edu,PHYS211,1,1,88,EE352,2,1,74,CMPEN270,2,1,83
mgi5972@lionstate.edu,CHEM112,2,1,62,EE340,1,1,81,EE212,1,1,87
mor3944@lionstate.edu,ECON101,2,1,77,EE311,1,1,62,CMPSC311,1,1,60
pwi6256@lionstate.edu,CMPSC465,2,1,77,CMPEN454,1,1,62,EE330,1,1,71
lma5523@lionstate.edu,CMPEN351,2,1,99,ECON201,1,1,88,ECON102,1,1,82
mja9477@lionstate.edu,IST558,2,1,92,PHYS211,2,1,61,CMPSC448,1,1,90
pco3542@lionstate.edu,PHYS213,2,1,70,CMPEN270,2,1,96,CMPEN431,2,1,62
mfr1531@lionstate.edu,CMPEN351,1,1,90,CHEM111,2,1,96,EE330,1,1,65
jbr5742@lionstate.edu,MATH230,2,1,71,CMPSC360,1,1,89,CMPSC497,1,1,63
mad6762@lionstate.edu,CSE543,2,1,85,ECON201,2,1,96,MATH230,2,1,62
lfr5699@lionstate.edu,CHEM112,2,1,63,CMPEN331,1,1,84,CHEM111,1,1,77
jhu6059@lionstate.edu,EE210,2,1,92,CSE583,1,1,66,CMPSC448,1,1,83
rba4716@lionstate.edu,EE210,1,1,85,EE212,2,1,82,CMPEN270,2,1,98
mra1173@lionstate.edu,CMPSC465,1,1,100,ECON102,2,1,83,CHEM110,1,1,81
mla7040@lionstate.edu,CMPSC431W,2,1,65,ECON102,2,1,91,MATH230,2,1,71
mke5035@lionstate.edu,EE330,1,1,80,CHEM112,2,1,61,EE211,2,1,62
ncu7389@lionstate.edu,CMPSC131,1,1,83,EE320,2,1,100,PHYS211,2,1,73
mjo9620@lionstate.edu,PHYS212,2,1,62,CMPEN441,1,1,79,MATH230,1,1,83
mei1629@lionstate.edu,ECON102,2,1,81,EE311,2,1,70,CMPEN454,1,1,96
mke4315@lionstate.edu,MATH140,2,1,69,MATH141,2,1,72,EE340,1,1,93
myo1601@lionstate.edu,CMPSC311,1,1,97,CMPSC465,1,1,77,STAT319,1,1,100
jmc9625@lionstate.edu,ECON201,2,1,76,ECON102,2,1,90,CHEM111,2,1,90
ufa3951@lionstate.edu,EE210,1,1,82,MATH230,1,1,97,ECON101,1,1,91
mre4255@lionstate.edu,ECON102,2,1,62,EE311,1,1,94,MATH231,2,1,64
mba6793@lionstate.edu,IST128,1,1,61,CMPEN331,2,1,84,EE340,2,1,97
jku3642@lionstate.edu,EE353,1,1,66,CMPEN441,1,1,81,CHEM111,2,1,63
ysc5785@lionstate.edu,CMPEN431,2,1,70,EE212,1,1,100,IST558,1,1,86
rfr5648@lionstate.edu,ECON201,2,1,80,PHYS214,2,1,78,CMPSC221,1,1,70
no'3158@lionstate.edu,CHEM110,2,1,79,EE311,2,1,68,PHYS214,1,1,74
lco5380@lionstate.edu,EE320,2,1,62,EE210,2,1,73,CSE543,1,1,68
ohe2838@lionstate.edu,CMPEN351,1,1,90,MATH231,2,1,74,CSE543,1,1,60
jco2499@lionstate.edu,CMPSC221,2,1,96,CMPSC132,2,1,75,EE352,2,1,83
mmi5755@lionstate.edu,CMPSC448,2,1,98,ECON102,1,1,74,EE210,2,1,70
jha5858@lionstate.edu,CHEM111,2,1,80,PHYS214,1,1,92,DS120,2,1,91
ikr7411@lionstate.edu,CSE583,2,1,67,PHYS213,2,1,66,CMPEN351,2,1,97
tke8544@lionstate.edu,EE210,1,1,95,STAT319,2,1,82,CMPSC132,1,1,95
tsc4447@lionstate.edu,CMPSC360,2,1,77,CMPSC497,1,1,92,EE210,1,1,85
kri1586@lionstate.edu,STAT318,2,1,60,IST110,1,1,78,STAT319,1,1,82
rkr9745@lionstate.edu,CMPEN411,2,1,63,STAT318,1,1,60,STAT319,2,1,84
sgr1392@lionstate.edu,ECON101,1,1,79,CMPSC221,1,1,71,EE320,2,1,89
jlu8446@lionstate.edu,ECON101,2,1,66,CMPSC360,2,1,99,PHYS213,2,1,84
kha2564@lionstate.edu,PHYS214,1,1,71,EE210,1,1,97,MATH140,1,1,69
mel9711@lionstate.edu,MATH231,1,1,89,CMPSC497,1,1,89,EE311,2,1,97
jli1535@lionstate.edu,STAT414,1,1,83,CMPEN270,1,1,69,EE211,1,1,85
swe4161@lionstate.edu,MATH231,2,1,83,PHYS212,1,1,77,CSE583,1,1,90
kho2978@lionstate.edu,CSE543,2,1,61,PHYS212,1,1,75,CMPSC132,2,1,71
mni8737@lionstate.edu,CMPEN331,1,1,80,EE353,1,1,88,PHYS212,2,1,68
mth7915@lionstate.edu,CMPSC465,1,1,82,ECON102,2,1,61,CMPSC132,2,1,87
pfa7621@lionstate.edu,IST128,2,1,62,CMPSC465,2,1,63,CMPEN331,1,1,60
mcr6774@lionstate.edu,CMPEN441,2,1,65,CMPSC497,2,1,84,CMPEN362,2,1,99
mve7191@lionstate.edu,CHEM112,1,1,83,EE353,2,1,77,MATH231,2,1,69
kku3945@lionstate.edu,CMPSC497,1,1,97,MATH231,2,1,67,CSE583,2,1,94
oki8339@lionstate.edu,IST558,2,1,70,STAT319,2,1,60,ECON201,1,1,100
mti9840@lionstate.edu,CHEM111,2,1,95,STAT318,1,1,96,CHEM110,1,1,76
lbo3169@lionstate.edu,CMPEN441,1,1,87,CSE583,1,1,81,EE352,2,1,98
lhi8879@lionstate.edu,CMPSC132,1,1,66,CMPSC131,1,1,87,CSE583,1,1,66
mni9530@lionstate.edu,PHYS211,2,1,68,CHEM111,1,1,67,PHYS212,2,1,70
kab2618@lionstate.edu,CMPSC475,2,1,99,MATH231,1,1,97,EE211,2,1,80
ttu9759@lionstate.edu,CMPSC131,2,1,68,CMPSC360,2,1,69,CMPSC461,1,1,66
mru8732@lionstate.edu,EE311,2,1,64,STAT414,2,1,80,EE353,1,1,78
mau5121@lionstate.edu,DS120,1,1,100,EE210,1,1,84,CMPEN441,2,1,93
mre1486@lionstate.edu,CMPEN411,2,1,96,EE212,1,1,99,PHYS211,1,1,65
osi6913@lionstate.edu,CMPSC131,2,1,76,EE330,2,1,66,MATH141,2,1,94
mis3774@lionstate.edu,PHYS213,2,1,92,IST558,1,1,95,CSE543,2,1,93
mje1517@lionstate.edu,CMPEN351,2,1,85,CHEM110,1,1,100,CMPEN270,1,1,75
pwh2002@lionstate.edu,CMPSC475,2,1,89,CMPSC132,1,1,68,CMPEN411,1,1,79
job4068@lionstate.edu,STAT319,1,1,81,IST128,2,1,62,CMPSC360,1,1,72
kle7587@lionstate.edu,CMPSC497,2,1,80,STAT319,1,1,91,CMPSC461,1,1,81
nsp6459@lionstate.edu,CMPSC465,1,1,85,PHYS211,2,1,88,STAT415,2,1,100
vre1108@lionstate.edu,MATH231,1,1,60,IST558,2,1,100,IST128,1,1,89
mko8498@lionstate.edu,ECON102,1,1,91,STAT318,1,1,69,CMPEN441,2,1,82
tsc3180@lionstate.edu,IST558,2,1,75,ECON101,2,1,95,MATH141,1,1,77
mje1294@lionstate.edu,ECON101,1,1,73,MATH141,2,1,71,EE340,2,1,79
kpa6358@lionstate.edu,STAT415,2,1,96,EE330,2,1,80,MATH141,1,1,93
mem5259@lionstate.edu,MATH231,2,1,93,CMPSC448,2,1,95,EE311,2,1,98
lhe3177@lionstate.edu,EE211,2,1,76,CMPSC475,1,1,85,EE353,1,1,86
kan9497@lionstate.edu,EE352,2,1,87,DS120,2,1,76,CHEM111,2,1,60
wan2968@lionstate.edu,CHEM112,2,1,69,EE211,2,1,84,CMPEN431,2,1,94
lad3683@lionstate.edu,DS220,2,1,82,STAT318,1,1,85,PHYS212,2,1,71
kly7755@lionstate.edu,CHEM110,2,1,65,STAT318,1,1,66,EE211,1,1,68
jha3938@lionstate.edu,CMPEN362,1,1,68,EE211,1,1,71,MATH141,2,1,92
sbr1332@lionstate.edu,IST110,2,1,99,EE211,2,1,90,CMPEN351,2,1,74
kba3474@lionstate.edu,MATH230,1,1,61,CMPSC448,1,1,78,CSE583,2,1,62
lvo2571@lionstate.edu,PHYS211,2,1,91,CMPEN411,2,1,84,STAT415,2,1,89
mtr1113@lionstate.edu,CMPEN431,2,1,88,PHYS214,2,1,95,EE210,1,1,98
zpr3563@lionstate.edu,STAT318,1,1,93,CMPSC360,1,1,91,IST128,1,1,70
mru2747@lionstate.edu,CMPSC465,2,1,93,EE211,2,1,100,CMPEN351,2,1,96
wsm1648@lionstate.edu,CMPSC465,2,1,90,STAT318,2,1,65,CMPSC448,2,1,89
lwi5095@lionstate.edu,PHYS211,2,1,63,EE311,2,1,74,CMPEN270,1,1,80
msh2018@lionstate.edu,CHEM112,1,1,61,STAT414,2,1,98,EE212,2,1,86
mja9753@lionstate.edu,IST558,1,1,80,CHEM112,2,1,71,EE352,1,1,68
jco7511@lionstate.edu,ECON101,1,1,93,CMPEN331,1,1,91,CMPSC132,1,1,75
mja4678@lionstate.edu,STAT415,1,1,90,CMPSC221,1,1,78,CMPEN454,2,1,100
jzi6855@lionstate.edu,CMPEN411,2,1,68,STAT414,2,1,81,CMPSC461,2,1,73
vol8061@lionstate.edu,CSE543,2,1,67,CMPSC497,2,1,94,CMPEN351,2,1,60
kst3418@lionstate.edu,CMPEN362,1,1,62,ECON102,2,1,67,PHYS211,2,1,82
mty4698@lionstate.edu,IST558,2,1,93,CMPSC475,2,1,100,CMPSC132,2,1,86
wsc7930@lionstate.edu,MATH231,1,1,66,EE311,1,1,63,EE353,2,1,76
mda7609@lionstate.edu,DS220,1,1,86,CMPEN454,1,1,78,CMPSC465,1,1,97
thi1019@lionstate.edu,CSE583,2,1,89,CHEM111,2,1,100,PHYS212,1,1,95
mhe4861@lionstate.edu,ECON102,1,1,76,CMPEN454,2,1,75,ECON201,2,1,85
vko8312@lionstate.edu,IST558,2,1,85,EE340,1,1,73,CMPSC131,1,1,86
mha1378@lionstate.edu,EE311,1,1,84,EE212,2,1,69,CMPSC461,1,1,76
wwi6147@lionstate.edu,PHYS211,2,1,74,CHEM112,1,1,86,CMPSC431W,2,1,69
mke9858@lionstate.edu,EE311,1,1,99,STAT318,1,1,77,CMPEN411,2,1,76
ubr7160@lionstate.edu,MATH141,2,1,73,PHYS212,2,1,61,EE210,1,1,67
lhe8423@lionstate.edu,STAT415,2,1,82,EE212,1,1,77,PHYS214,1,1,98
kfe1479@lionstate.edu,IST128,1,1,77,CSE543,1,1,67,ECON102,2,1,62
sbr8378@lionstate.edu,CHEM112,1,1,93,EE352,1,1,77,CMPSC431W,2,1,100
mno6831@lionstate.edu,IST110,2,1,74,CMPSC448,1,1,87,CMPSC311,1,1,61
ugr7753@lionstate.edu,CMPEN454,1,1,75,STAT415,1,1,87,CHEM110,2,1,90
tku9442@lionstate.edu,EE211,1,1,81,EE311,2,1,61,CHEM110,1,1,66
ibe6293@lionstate.edu,EE320,1,1,86,STAT318,1,1,78,ECON101,2,1,87
osa9043@lionstate.edu,PHYS214,2,1,88,CMPSC465,2,1,100,CHEM112,2,1,90
nef4231@lionstate.edu,CHEM112,1,1,86,CSE543,2,1,78,ECON101,2,1,96
vgr9708@lionstate.edu,CMPEN331,2,1,82,EE212,2,1,92,MATH140,1,1,79
mra2135@lionstate.edu,CMPSC431W,1,1,96,PHYS211,2,1,90,EE211,2,1,75
kma6272@lionstate.edu,ECON101,2,1,74,PHYS211,1,1,65,CMPSC311,1,1,64
sja8550@lionstate.edu,EE211,1,1,74,DS220,1,1,64,EE340,1,1,62
wra7675@lionstate.edu,EE320,2,1,65,MATH140,2,1,79,CMPSC461,2,1,89
mro4234@lionstate.edu,CMPEN351,2,1,86,EE212,1,1,75,MATH231,2,1,91
mal5609@lionstate.edu,CMPEN454,2,1,81,CMPSC475,2,1,97,CMPSC461,2,1,95
mgr9180@lionstate.edu,EE320,1,1,91,EE210,2,1,79,DS120,1,1,62
lha7423@lionstate.edu,STAT415,2,1,92,CMPSC431W,2,1,62,IST128,1,1,84
zri4748@lionstate.edu,EE340,1,1,72,EE352,2,1,85,IST110,1,1,96
jgu4126@lionstate.edu,MATH141,1,1,64,CMPEN431,2,1,80,CMPEN270,1,1,78
oko6508@lionstate.edu,MATH141,2,1,90,CHEM112,2,1,80,EE340,1,1,64
mwe9386@lionstate.edu,CMPSC132,1,1,93,STAT319,1,1,75,CMPEN362,2,1,83
sma8371@lionstate.edu,CMPSC131,1,1,92,ECON201,1,1,74,CHEM112,1,1,96
mni4053@lionstate.edu,CMPEN431,1,1,64,EE340,2,1,65,IST110,1,1,96
rma4418@lionstate.edu,CMPSC311,2,1,78,IST128,2,1,99,CMPSC431W,1,1,93
jli6782@lionstate.edu,CMPEN362,2,1,80,EE352,2,1,76,CMPEN270,1,1,77
mli4220@lionstate.edu,PHYS213,1,1,78,CSE583,2,1,92,CHEM112,1,1,68
phe8657@lionstate.edu,STAT318,2,1,76,EE311,2,1,96,DS220,2,1,60
mal7301@lionstate.edu,ECON201,1,1,98,EE210,1,1,96,CMPEN431,1,1,80
ppu8310@lionstate.edu,CMPSC221,1,1,70,IST558,2,1,71,MATH140,1,1,61
vke5227@lionstate.edu,PHYS212,1,1,84,CHEM112,1,1,77,PHYS211,1,1,81
rob6329@lionstate.edu,ECON102,1,1,95,CMPSC475,2,1,83,PHYS213,2,1,94
tfa8623@lionstate.edu,CMPSC431W,1,1,100,IST110,2,1,71,IST128,1,1,93
pmi9309@lionstate.edu,CMPSC465,2,1,94,CMPSC431W,2,1,69,CMPSC221,1,1,96
kru3278@lionstate.edu,MATH231,2,1,64,CMPEN441,1,1,100,EE352,1,1,99
mty9244@lionstate.edu,CMPEN362,1,1,63,PHYS213,1,1,69,CMPSC360,1,1,81
twi9118@lionstate.edu,PHYS211,2,1,77,PHYS214,1,1,65,PHYS212,2,1,86
ole5149@lionstate.edu,CMPEN270,2,1,77,CMPEN454,1,1,70,CMPEN411,1,1,84
jwa8464@lionstate.edu,CMPSC431W,1,1,76,CMPSC475,2,1,81,CMPSC360,2,1,75
oku5496@lionstate.edu,EE210,2,1,83,CSE543,1,1,86,ECON102,1,1,82
psh1860@lionstate.edu,EE210,1,1,84,STAT414,1,1,63,CHEM110,2,1,70
mpa1813@lionstate.edu,CMPEN454,1,1,86,EE320,1,1,86,EE353,2,1,100
smu1729@lionstate.edu,STAT415,2,1,69,EE211,1,1,75,EE311,1,1,87
tdi3644@lionstate.edu,EE210,2,1,82,IST558,2,1,81,IST128,1,1,86
sma4679@lionstate.edu,CMPSC360,2,1,98,PHYS212,1,1,82,EE211,2,1,82
jpa9861@lionstate.edu,ECON102,2,1,86,DS220,2,1,61,DS120,1,1,75
mga8559@lionstate.edu,EE311,2,1,95,CMPSC311,1,1,84,CMPEN441,2,1,84
sgu3389@lionstate.edu,ECON102,2,1,63,EE340,1,1,78,EE353,2,1,92
lor8820@lionstate.edu,IST128,2,1,76,PHYS211,2,1,60,MATH231,2,1,61
mlu8397@lionstate.edu,CMPEN454,2,1,61,CMPEN431,2,1,83,CMPSC448,2,1,67
jst3903@lionstate.edu,CSE543,2,1,65,IST128,1,1,82,DS220,2,1,87
mer6665@lionstate.edu,CMPSC221,2,1,60,CMPSC465,1,1,92,EE352,1,1,65
mbr3753@lionstate.edu,CMPSC431W,2,1,76,CMPEN270,1,1,86,CMPSC131,1,1,85
sgo5481@lionstate.edu,MATH141,1,1,96,EE353,2,1,63,EE320,2,1,100
lto2510@lionstate.edu,CSE583,1,1,69,CMPSC221,2,1,82,CMPSC448,2,1,67
ptu5897@lionstate.edu,STAT414,2,1,86,CMPEN454,1,1,83,EE211,2,1,82
wcr6243@lionstate.edu,PHYS211,1,1,92,ECON102,1,1,86,EE340,1,1,74
mma8740@lionstate.edu,CMPEN270,1,1,60,CMPEN351,2,1,90,CMPSC461,1,1,81
mam7283@lionstate.edu,EE353,2,1,97,PHYS214,2,1,80,MATH231,2,1,95
jni8513@lionstate.edu,MATH141,1,1,80,CMPSC475,1,1,90,EE352,2,1,82
mha9412@lionstate.edu,CMPSC475,1,1,98,CMPEN270,1,1,97,IST558,2,1,100
jhi5936@lionstate.edu,CHEM112,1,1,82,CMPSC311,1,1,69,PHYS211,1,1,79
spa3052@lionstate.edu,CMPSC465,2,1,63,CMPSC311,1,1,100,STAT414,1,1,71
vno9310@lionstate.edu,CMPEN441,2,1,94,CMPEN454,2,1,61,STAT318,2,1,95
mja6189@lionstate.edu,CHEM111,2,1,74,ECON201,1,1,66,EE211,1,1,100
mhe4177@lionstate.edu,CSE543,2,1,96,IST558,2,1,65,CMPSC360,1,1,71
mpr9723@lionstate.edu,EE210,1,1,83,STAT415,2,1,90,CMPSC465,1,1,94
mja3480@lionstate.edu,MATH141,2,1,80,CMPEN331,2,1,97,STAT319,2,1,72
mpe6095@lionstate.edu,PHYS211,2,1,79,EE212,1,1,89,CMPSC475,2,1,60
mre4504@lionstate.edu,CHEM110,2,1,69,ECON102,1,1,95,CHEM111,2,1,100
kke9934@lionstate.edu,EE320,1,1,62,EE353,1,1,71,PHYS212,1,1,82
jma6502@lionstate.edu,CMPSC497,1,1,91,STAT414,1,1,74,CMPEN270,2,1,84
mmu3939@lionstate.edu,EE212,1,1,72,CMPEN351,1,1,77,PHYS211,2,1,88
jre6232@lionstate.edu,CHEM111,1,1,85,PHYS211,2,1,75,EE311,1,1,86
rqu7150@lionstate.edu,CMPEN362,1,1,90,MATH141,2,1,66,PHYS212,2,1,97
tfa8479@lionstate.edu,CMPSC221,1,1,74,CHEM110,1,1,89,STAT415,1,1,82
obo2257@lionstate.edu,IST558,1,1,60,EE311,2,1,77,STAT319,1,1,94
jdi5599@lionstate.edu,PHYS214,2,1,71,CMPSC431W,1,1,78,PHYS212,1,1,88
nbo5422@lionstate.edu,CMPEN454,2,1,81,EE330,1,1,72,IST110,1,1,100
jsm3398@lionstate.edu,STAT415,2,1,81,EE353,2,1,62,EE210,1,1,67
mtr9030@lionstate.edu,STAT415,2,1,96,CMPSC431W,2,1,74,CMPSC131,1,1,89
tbe7837@lionstate.edu,EE353,1,1,76,CHEM111,2,1,90,CSE543,1,1,81
jfe5900@lionstate.edu,EE340,2,1,67,EE311,1,1,60,STAT318,1,1,77
mja9711@lionstate.edu,EE352,1,1,66,MATH231,2,1,76,CSE583,1,1,83
sle7671@lionstate.edu,CHEM110,2,1,96,ECON102,1,1,73,CMPEN362,2,1,84
wgu6997@lionstate.edu,IST128,2,1,96,DS220,1,1,66,CMPSC221,2,1,60
lba8615@lionstate.edu,STAT319,1,1,91,IST558,2,1,62,CMPEN362,1,1,72
kwe2447@lionstate.edu,CMPEN411,2,1,78,CSE543,1,1,78,CSE583,2,1,71
ldu5279@lionstate.edu,CMPSC431W,2,1,75,CMPEN362,1,1,74,IST110,1,1,85
nbe7364@lionstate.edu,CMPEN411,1,1,87,STAT415,1,1,94,CMPEN441,2,1,83
rke3219@lionstate.edu,EE320,2,1,60,CMPSC132,2,1,81,CMPSC448,1,1,81
vpr8721@lionstate.edu,DS120,1,1,60,STAT415,2,1,64,CHEM111,1,1,79
mbr8262@lionstate.edu,MATH140,2,1,92,IST128,2,1,66,CMPEN331,2,1,78
rha9484@lionstate.edu,EE352,1,1,83,EE340,1,1,70,CMPEN441,2,1,95
lwi3851@lionstate.edu,MATH230,2,1,93,CMPEN431,2,1,89,CSE583,1,1,98
mei3995@lionstate.edu,STAT415,2,1,70,EE210,2,1,66,EE211,1,1,71
mpf9660@lionstate.edu,CMPSC465,1,1,61,CMPEN331,2,1,74,CSE583,2,1,97
ust9264@lionstate.edu,CMPSC475,2,1,82,CMPSC360,2,1,66,MATH140,1,1,84
mad9712@lionstate.edu,MATH140,2,1,76,ECON101,1,1,75,IST128,1,1,78
mko2134@lionstate.edu,CMPSC132,1,1,91,EE311,2,1,75,IST128,1,1,71
mad4966@lionstate.edu,MATH141,2,1,90,CMPSC497,1,1,71,ECON201,2,1,92
vyu4473@lionstate.edu,STAT319,2,1,92,PHYS213,1,1,73,IST558,2,1,94
lwe4861@lionstate.edu,EE311,2,1,83,CSE543,2,1,66,ECON102,1,1,91
nmo8196@lionstate.edu,IST558,1,1,87,CMPSC475,2,1,84,CMPEN431,1,1,77
nba2747@lionstate.edu,STAT319,2,1,72,CHEM110,2,1,76,EE320,2,1,63
msc4941@lionstate.edu,EE340,2,1,98,CMPEN331,2,1,94,EE352,1,1,72
mke8007@lionstate.edu,CMPSC448,1,1,88,CMPSC461,2,1,62,CMPSC360,1,1,67
rwa1680@lionstate.edu,ECON102,2,1,93,ECON101,1,1,79,DS120,1,1,89
mru5673@lionstate.edu,CMPEN441,1,1,98,PHYS214,2,1,72,STAT319,1,1,92
kzi2319@lionstate.edu,IST110,2,1,64,CMPSC131,2,1,94,EE211,2,1,80
mla8288@lionstate.edu,IST128,1,1,87,CMPSC131,1,1,95,PHYS213,1,1,99
jdo5653@lionstate.edu,CMPSC311,1,1,71,CHEM111,1,1,93,CHEM112,1,1,100
lku1009@lionstate.edu,EE210,1,1,92,EE340,1,1,77,STAT319,2,1,76
jko6802@lionstate.edu,EE353,1,1,95,MATH230,1,1,60,EE211,1,1,60
jwe6460@lionstate.edu,STAT415,2,1,97,MATH140,2,1,65,EE330,1,1,66
zwu7682@lionstate.edu,CMPEN454,2,1,63,STAT415,2,1,88,IST110,2,1,66
jkr6557@lionstate.edu,CMPSC465,1,1,68,CMPSC360,1,1,94,CMPEN270,1,1,82
mni2107@lionstate.edu,EE311,2,1,89,CMPEN411,2,1,76,IST128,1,1,93
pha6738@lionstate.edu,EE311,1,1,98,PHYS211,1,1,85,STAT319,2,1,61
jle1023@lionstate.edu,CMPEN351,1,1,69,CSE583,2,1,79,CMPEN331,1,1,88
mje1028@lionstate.edu,CMPEN351,2,1,67,CMPEN454,2,1,64,CMPSC448,2,1,73
nsi9812@lionstate.edu,CSE543,1,1,80,IST558,2,1,63,CMPEN431,1,1,99
lra3866@lionstate.edu,EE311,2,1,83,EE330,2,1,88,CMPEN270,1,1,89
mes5352@lionstate.edu,CMPSC431W,1,1,99,EE212,1,1,83,CMPSC131,1,1,85
mci7103@lionstate.edu,CHEM110,2,1,60,EE210,1,1,74,CMPSC497,2,1,93
jke2667@lionstate.edu,CHEM110,1,1,65,CMPSC131,1,1,70,ECON102,2,1,71
kbr9764@lionstate.edu,STAT414,2,1,84,DS120,2,1,61,EE212,1,1,60
kqu2179@lionstate.edu,MATH231,1,1,89,STAT415,2,1,71,CMPEN441,2,1,79
mja2485@lionstate.edu,CMPEN454,2,1,92,STAT414,2,1,96,IST128,2,1,65
tpr8421@lionstate.edu,CMPSC221,1,1,81,STAT415,2,1,71,DS120,1,1,62
mel3476@lionstate.edu,CMPEN270,1,1,72,STAT415,2,1,85,EE212,1,1,98
kbe8997@lionstate.edu,IST110,2,1,86,CMPSC132,2,1,60,CMPSC475,2,1,62
sro2588@lionstate.edu,EE210,1,1,84,DS220,2,1,83,CMPSC475,1,1,87
jha1078@lionstate.edu,STAT319,2,1,100,MATH231,1,1,98,DS120,2,1,77
spr5193@lionstate.edu,CSE583,2,1,66,CMPSC448,2,1,69,PHYS211,2,1,86
pmu4370@lionstate.edu,MATH140,1,1,67,CMPEN441,2,1,85,STAT318,1,1,84
tle9077@lionstate.edu,DS220,2,1,90,STAT319,1,1,63,IST558,1,1,72
imu2857@lionstate.edu,CMPSC475,2,1,92,CMPSC497,1,1,96,MATH230,2,1,79
sdo9870@lionstate.edu,CMPEN351,2,1,87,EE320,2,1,88,MATH140,1,1,99
pok5286@lionstate.edu,CMPSC448,1,1,96,STAT415,1,1,92,MATH230,1,1,100
wo'7278@lionstate.edu,CMPSC465,1,1,92,EE311,2,1,97,DS120,2,1,70
mci5246@lionstate.edu,ECON201,1,1,95,MATH141,1,1,82,MATH231,1,1,73
mma4189@lionstate.edu,CHEM110,2,1,93,CMPEN454,2,1,64,PHYS211,1,1,87
nbe3401@lionstate.edu,CMPSC475,1,1,71,CMPEN331,2,1,98,CSE583,2,1,70
mmi9822@lionstate.edu,EE353,1,1,63,MATH141,2,1,61,MATH231,2,1,92
vho3800@lionstate.edu,EE210,2,1,99,STAT319,1,1,70,CHEM110,1,1,93
mid8120@lionstate.edu,CMPSC465,2,1,96,DS120,2,1,91,PHYS213,2,1,70
jst5934@lionstate.edu,CMPEN331,2,1,81,MATH140,2,1,97,EE352,1,1,90
mtr4908@lionstate.edu,EE210,1,1,68,STAT319,1,1,87,STAT415,1,1,91
oha3028@lionstate.edu,EE330,2,1,64,EE352,2,1,95,ECON102,1,1,65
jbo2807@lionstate.edu,CHEM112,2,1,94,CMPSC311,1,1,65,EE212,1,1,68
jcr6700@lionstate.edu,CMPSC431W,2,1,63,STAT318,1,1,80,PHYS211,2,1,89
ksa5709@lionstate.edu,CMPSC311,2,1,92,CMPSC131,1,1,75,DS220,2,1,97
sbe8426@lionstate.edu,CMPEN362,2,1,86,EE330,1,1,84,CMPSC461,1,1,96
mru1547@lionstate.edu,CHEM111,2,1,86,CMPEN454,2,1,80,CMPEN351,1,1,96
sni6517@lionstate.edu,EE311,2,1,61,CMPEN351,1,1,64,CMPSC131,1,1,85
mgu2556@lionstate.edu,CHEM111,1,1,60,CMPSC497,2,1,81,STAT414,1,1,72
ora1051@lionstate.edu,STAT414,1,1,74,CMPEN411,2,1,72,STAT319,1,1,91
mde6918@lionstate.edu,CMPEN331,1,1,68,MATH140,1,1,91,CMPSC497,1,1,90
jku6715@lionstate.edu,DS120,1,1,71,DS220,2,1,65,CMPSC221,1,1,90
kda1105@lionstate.edu,CMPSC475,2,1,61,CMPSC132,1,1,77,DS120,1,1,61
mot4366@lionstate.edu,STAT319,1,1,82,CHEM111,1,1,92,CMPSC360,2,1,61
mgu4156@lionstate.edu,CSE543,1,1,87,PHYS211,1,1,87,STAT319,2,1,70
nmo6638@lionstate.edu,STAT414,2,1,75,PHYS212,1,1,95,CMPSC475,2,1,72
sre9441@lionstate.edu,EE330,1,1,78,CMPEN431,2,1,64,EE352,2,1,81
mwa9361@lionstate.edu,CSE583,2,1,75,STAT319,1,1,75,EE340,1,1,68
lto9285@lionstate.edu,PHYS211,1,1,77,ECON102,2,1,83,EE320,2,1,91
mba8566@lionstate.edu,CMPSC497,2,1,66,STAT318,2,1,99,CMPEN431,2,1,79
scr5917@lionstate.edu,CMPEN431,1,1,71,CMPSC311,1,1,93,IST128,1,1,87
mal6483@lionstate.edu,CMPEN331,1,1,92,ECON101,2,1,69,CMPEN454,1,1,79
mbe7846@lionstate.edu,MATH141,2,1,98,CMPEN441,1,1,60,MATH140,1,1,92
tbo6140@lionstate.edu,EE210,2,1,82,CMPSC465,1,1,91,IST558,1,1,69
jgi1267@lionstate.edu,CMPEN454,1,1,96,MATH141,2,1,99,PHYS212,1,1,62
ycr2698@lionstate.edu,DS220,1,1,79,MATH230,2,1,100,MATH140,2,1,94
nla5784@lionstate.edu,CMPSC465,2,1,80,IST558,2,1,95,EE212,1,1,100
mgo7391@lionstate.edu,CMPSC475,2,1,99,DS220,1,1,72,ECON102,1,1,83
tar1494@lionstate.edu,EE340,2,1,62,PHYS212,2,1,62,CMPSC132,1,1,74
jca6758@lionstate.edu,PHYS211,1,1,98,CMPEN270,2,1,60,CHEM110,1,1,92
mro5260@lionstate.edu,EE210,1,1,93,ECON101,2,1,77,CMPSC311,1,1,80
mja5716@lionstate.edu,EE212,2,1,83,CMPSC475,1,1,80,EE352,2,1,87
lmc7976@lionstate.edu,CMPSC131,2,1,89,CMPEN411,2,1,64,CMPSC465,2,1,98
mte9606@lionstate.edu,ECON201,2,1,94,CHEM112,2,1,92,CMPEN331,1,1,80
mor8879@lionstate.edu,ECON201,2,1,87,CMPSC131,2,1,78,ECON101,2,1,63
mlo6731@lionstate.edu,MATH141,1,1,100,IST128,1,1,87,CMPSC465,1,1,79
mgr1249@lionstate.edu,CMPEN362,1,1,80,CMPEN351,1,1,84,CHEM112,2,1,64
lly4642@lionstate.edu,MATH141,1,1,69,MATH140,1,1,66,DS120,2,1,95
mdo7786@lionstate.edu,CMPEN362,1,1,62,CMPSC461,1,1,86,CMPSC311,2,1,83
jdi6068@lionstate.edu,CMPSC360,2,1,71,CMPSC448,1,1,61,EE320,2,1,60
sko1421@lionstate.edu,MATH141,1,1,97,CMPSC448,1,1,62,CHEM112,2,1,91
mtr7454@lionstate.edu,CHEM110,2,1,60,STAT319,1,1,67,EE320,1,1,80
mmc4653@lionstate.edu,CMPSC131,2,1,98,CMPEN441,1,1,97,CMPEN270,2,1,88
nwi5569@lionstate.edu,IST558,1,1,78,CHEM111,1,1,74,CMPEN331,2,1,91
tdo6032@lionstate.edu,CMPSC431W,2,1,65,EE352,1,1,61,IST128,2,1,98
jwo9868@lionstate.edu,CMPSC497,1,1,92,PHYS213,1,1,89,STAT415,2,1,69
spa6019@lionstate.edu,CMPSC221,1,1,99,PHYS214,2,1,88,EE330,1,1,99
mli3321@lionstate.edu,MATH141,1,1,90,EE330,2,1,62,CMPSC448,1,1,75
kcr5457@lionstate.edu,DS120,2,1,91,CMPEN441,2,1,75,ECON101,2,1,61
ld'3923@lionstate.edu,CHEM112,2,1,70,CMPSC132,1,1,99,IST558,2,1,68
oca4581@lionstate.edu,IST128,2,1,62,EE311,2,1,61,MATH141,2,1,71
mab6845@lionstate.edu,EE340,1,1,85,CMPSC431W,1,1,61,EE330,2,1,82
jhe3279@lionstate.edu,MATH231,1,1,76,IST558,1,1,76,MATH140,2,1,75
mde2599@lionstate.edu,CMPEN454,1,1,89,STAT415,2,1,68,CMPEN270,1,1,74
rma3714@lionstate.edu,CMPEN454,2,1,97,CMPSC465,2,1,74,DS220,2,1,91
ogo3872@lionstate.edu,CMPSC475,1,1,77,EE210,1,1,61,ECON101,2,1,69
mar6527@lionstate.edu,CMPEN351,2,1,72,IST110,2,1,72,ECON201,1,1,60
kks7927@lionstate.edu,CMPEN411,2,1,66,STAT319,2,1,87,CMPSC360,2,1,79
jja6275@lionstate.edu,CHEM111,1,1,71,EE340,1,1,85,STAT414,1,1,85
lha1165@lionstate.edu,CMPEN431,1,1,99,PHYS214,2,1,65,MATH141,2,1,83
lro5092@lionstate.edu,EE330,2,1,78,ECON201,2,1,89,EE352,1,1,64
rro8624@lionstate.edu,EE340,2,1,77,STAT319,1,1,70,STAT414,2,1,77
xbe4075@lionstate.edu,CMPSC221,1,1,61,PHYS212,1,1,88,CMPSC461,2,1,96
mbe5897@lionstate.edu,STAT319,1,1,94,CMPSC497,2,1,87,CMPSC221,1,1,71
msp2396@lionstate.edu,PHYS214,2,1,60,CMPSC431W,2,1,78,CMPEN441,2,1,77
lma3997@lionstate.edu,EE353,2,1,71,CHEM111,1,1,79,PHYS212,2,1,64
jad9991@lionstate.edu,EE212,2,1,66,IST110,1,1,69,EE352,2,1,60
zok8115@lionstate.edu,EE320,2,1,76,CMPSC221,2,1,89,CMPSC475,1,1,91
lra5429@lionstate.edu,EE212,1,1,87,IST110,1,1,98,CMPSC221,2,1,64
kto3075@lionstate.edu,ECON102,1,1,86,EE353,1,1,72,EE210,1,1,82
lha1007@lionstate.edu,CMPSC448,1,1,60,STAT318,1,1,76,CHEM110,1,1,100
mja6914@lionstate.edu,CMPEN270,2,1,83,ECON201,1,1,90,MATH141,1,1,82
mo'2102@lionstate.edu,CHEM112,1,1,66,CSE583,2,1,74,PHYS213,2,1,96
mra9348@lionstate.edu,STAT319,1,1,65,CMPSC221,2,1,98,CMPSC461,1,1,73
rra2944@lionstate.edu,CMPEN411,1,1,65,IST558,2,1,78,IST128,1,1,89
sei2746@lionstate.edu,EE211,2,1,85,DS120,2,1,77,CMPEN270,2,1,66
jma9081@lionstate.edu,MATH231,1,1,62,PHYS211,2,1,60,IST558,1,1,77
zgo6248@lionstate.edu,DS220,2,1,98,CHEM110,1,1,72,IST110,2,1,71
mte5290@lionstate.edu,CHEM112,1,1,82,MATH231,1,1,63,DS220,2,1,60
khe4237@lionstate.edu,DS220,1,1,85,CMPSC475,2,1,100,CSE583,2,1,85
rto9639@lionstate.edu,CMPSC132,1,1,82,EE311,2,1,88,CHEM112,1,1,89
jre4487@lionstate.edu,CMPEN454,1,1,92,CMPEN411,2,1,93,CMPSC131,1,1,64
mco4950@lionstate.edu,EE311,1,1,73,CHEM112,1,1,79,CMPEN270,2,1,66
ocr4281@lionstate.edu,ECON201,2,1,92,CMPSC497,2,1,100,STAT319,1,1,87
ppo3674@lionstate.edu,CMPSC132,2,1,97,STAT318,1,1,79,ECON102,1,1,85
sro6593@lionstate.edu,MATH141,1,1,67,EE352,1,1,92,CMPEN331,2,1,84
mbe8122@lionstate.edu,PHYS214,2,1,94,EE340,2,1,72,ECON101,2,1,87
mta1412@lionstate.edu,EE211,2,1,92,EE352,2,1,77,EE210,1,1,61
ssc5113@lionstate.edu,EE210,2,1,79,CMPEN351,1,1,66,MATH140,2,1,75
lto8681@lionstate.edu,ECON201,1,1,71,CMPSC431W,1,1,83,DS120,1,1,85
mmo9633@lionstate.edu,STAT318,2,1,87,CMPSC497,1,1,79,DS220,2,1,87
mku3286@lionstate.edu,CMPSC311,1,1,97,EE330,1,1,64,EE353,1,1,98
jku4357@lionstate.edu,CSE583,1,1,78,MATH141,1,1,71,STAT415,1,1,66
lcr9996@lionstate.edu,CMPSC131,2,1,100,CMPSC497,2,1,83,CMPSC475,1,1,80
jst7299@lionstate.edu,MATH231,1,1,73,STAT318,2,1,63,PHYS212,2,1,95
ssc3796@lionstate.edu,MATH140,2,1,62,ECON101,1,1,80,STAT415,1,1,82
mad5228@lionstate.edu,PHYS213,2,1,87,PHYS211,2,1,89,DS220,1,1,91
swa2238@lionstate.edu,CHEM111,1,1,94,CMPSC132,1,1,84,CMPEN411,2,1,63
sma7982@lionstate.edu,DS120,2,1,64,EE311,2,1,93,CMPEN331,1,1,99
mlu2848@lionstate.edu,EE340,1,1,96,STAT318,1,1,79,CHEM110,2,1,73
khe2935@lionstate.edu,ECON101,2,1,93,MATH230,2,1,79,EE212,2,1,61
kte7157@lionstate.edu,CMPSC497,2,1,83,CMPSC475,1,1,97,PHYS214,1,1,61
kri6727@lionstate.edu,CHEM112,1,1,98,IST558,2,1,64,EE212,2,1,94
kor8639@lionstate.edu,PHYS213,2,1,94,CMPSC360,2,1,80,CSE583,2,1,96
mfi6371@lionstate.edu,CMPSC311,2,1,72,CMPSC431W,1,1,85,MATH231,1,1,72
mkr4574@lionstate.edu,IST128,2,1,68,CHEM110,2,1,77,CSE583,2,1,85
smu8714@lionstate.edu,ECON102,2,1,85,MATH231,2,1,71,CMPEN411,1,1,97
rbi9155@lionstate.edu,CMPSC132,1,1,98,CMPEN362,1,1,71,ECON102,2,1,77
jro5974@lionstate.edu,EE330,1,1,87,ECON101,1,1,62,STAT318,1,1,73
ktr6772@lionstate.edu,EE352,1,1,72,CMPEN270,1,1,66,CSE583,1,1,72
wda9016@lionstate.edu,CHEM112,2,1,66,CHEM110,2,1,63,EE330,2,1,66
rfa8532@lionstate.edu,CMPSC311,1,1,80,EE311,1,1,79,STAT318,1,1,66
mne6555@lionstate.edu,CMPEN351,2,1,85,CMPSC475,2,1,86,PHYS213,1,1,94
sre4987@lionstate.edu,CMPEN270,2,1,77,EE211,2,1,61,DS120,2,1,83
tmc7639@lionstate.edu,ECON201,2,1,99,STAT414,1,1,94,IST110,1,1,79
lsc9165@lionstate.edu,DS220,1,1,65,PHYS214,2,1,92,EE211,1,1,64
rra4659@lionstate.edu,IST110,2,1,70,CMPSC311,2,1,71,STAT318,1,1,75
qjo2835@lionstate.edu,CMPSC461,1,1,62,PHYS214,1,1,75,CMPSC448,2,1,75
jpr1678@lionstate.edu,ECON101,1,1,78,EE311,2,1,69,MATH140,1,1,61
msm4734@lionstate.edu,STAT318,2,1,99,CHEM112,1,1,66,CMPEN431,1,1,61
smc5761@lionstate.edu,CMPEN270,2,1,67,STAT318,1,1,99,CMPEN441,2,1,62
mpo6230@lionstate.edu,CMPSC311,2,1,71,CMPEN270,2,1,84,PHYS212,1,1,60
mda7325@lionstate.edu,CMPEN411,1,1,75,MATH140,2,1,96,CSE543,1,1,83
mcr8647@lionstate.edu,STAT319,2,1,61,DS120,1,1,79,EE352,2,1,98
wan5226@lionstate.edu,CMPEN351,2,1,82,CMPEN270,1,1,83,EE212,1,1,81
mpa1579@lionstate.edu,CMPSC360,1,1,86,CMPEN431,2,1,86,MATH231,1,1,82
vle9800@lionstate.edu,CMPSC497,1,1,80,CMPSC448,2,1,78,EE211,1,1,82
mde4739@lionstate.edu,CMPEN362,1,1,96,CMPSC497,2,1,91,PHYS214,2,1,65
rhu1999@lionstate.edu,EE211,1,1,76,CHEM111,1,1,95,CMPSC360,1,1,100
mco7612@lionstate.edu,CHEM112,2,1,77,CMPEN362,2,1,87,CMPSC311,2,1,84
jha8710@lionstate.edu,EE212,1,1,60,CSE583,1,1,85,PHYS214,2,1,91
ivo1134@lionstate.edu,CMPEN362,1,1,71,CSE583,2,1,65,CMPSC465,1,1,80
ire9271@lionstate.edu,PHYS211,1,1,69,EE311,1,1,68,ECON201,2,1,63
mro8475@lionstate.edu,CHEM110,2,1,67,CMPEN441,2,1,84,ECON102,2,1,85
rro5798@lionstate.edu,CMPSC448,2,1,94,MATH140,1,1,76,CMPEN431,1,1,82
rhu3482@lionstate.edu,EE353,2,1,61,CSE583,1,1,92,CMPEN454,1,1,68
mja6117@lionstate.edu,DS120,2,1,96,CHEM111,1,1,81,CHEM110,1,1,70
mma4302@lionstate.edu,ECON201,1,1,100,STAT319,1,1,75,CMPEN441,1,1,94
mam2014@lionstate.edu,CMPEN331,2,1,96,CMPSC132,2,1,63,ECON101,1,1,86
jma7277@lionstate.edu,EE340,2,1,65,CHEM111,2,1,90,ECON102,2,1,98
mzi4705@lionstate.edu,CMPEN362,1,1,98,CMPSC448,2,1,73,STAT318,2,1,60
kmc2382@lionstate.edu,CHEM110,1,1,79,CMPSC431W,1,1,93,EE212,1,1,62
omu5991@lionstate.edu,CMPSC221,2,1,71,ECON102,2,1,67,EE352,1,1,85
jma1975@lionstate.edu,MATH230,2,1,83,CMPSC132,2,1,97,ECON102,1,1,71
jke6352@lionstate.edu,CMPEN431,1,1,85,CMPEN362,2,1,91,CMPEN270,2,1,78
rle2901@lionstate.edu,CMPEN362,2,1,84,CMPEN351,1,1,66,ECON201,2,1,84
mgr5494@lionstate.edu,IST128,2,1,83,CHEM111,1,1,83,ECON102,1,1,62
lbe3921@lionstate.edu,DS120,2,1,62,CSE543,1,1,78,CMPSC311,2,1,75
ppa6961@lionstate.edu,PHYS211,2,1,88,CMPSC475,1,1,66,EE340,1,1,64
swa7358@lionstate.edu,CSE583,1,1,62,STAT415,2,1,85,STAT319,2,1,84
lmo1800@lionstate.edu,DS220,2,1,82,CSE543,1,1,62,MATH230,2,1,75
mha4751@lionstate.edu,EE211,1,1,80,CMPSC475,1,1,62,PHYS213,1,1,67
kwi7687@lionstate.edu,CMPSC311,2,1,86,CMPEN454,1,1,100,EE330,1,1,91
pab5129@lionstate.edu,IST558,2,1,98,CHEM110,1,1,68,ECON101,1,1,61
swi5077@lionstate.edu,EE211,2,1,65,CMPEN331,2,1,65,EE352,2,1,87
rla2797@lionstate.edu,IST110,2,1,72,CMPSC132,2,1,86,CMPEN331,1,1,95
sbr3123@lionstate.edu,EE211,1,1,88,CSE543,1,1,60,EE352,2,1,73
lmo4016@lionstate.edu,MATH141,1,1,65,EE330,2,1,74,CSE543,2,1,71
mmc7342@lionstate.edu,STAT319,2,1,72,CMPSC461,2,1,84,DS220,1,1,96
sdo3750@lionstate.edu,EE340,1,1,75,STAT319,1,1,61,CMPSC360,2,1,93
mzi8291@lionstate.edu,CHEM110,2,1,84,CSE543,2,1,80,EE330,1,1,85
mom6938@lionstate.edu,CSE583,1,1,91,MATH230,1,1,75,PHYS213,1,1,100
msc9287@lionstate.edu,ECON101,2,1,88,STAT414,1,1,65,EE320,1,1,98
wru8295@lionstate.edu,DS120,2,1,78,EE320,2,1,92,CMPEN362,1,1,99
oup4229@lionstate.edu,MATH141,1,1,90,CMPSC221,1,1,66,CMPEN331,1,1,68
mli2334@lionstate.edu,DS220,2,1,72,EE211,2,1,91,PHYS213,1,1,61
lhe3112@lionstate.edu,ECON102,1,1,98,CMPSC448,1,1,63,MATH140,2,1,90
rsc9635@lionstate.edu,CMPEN411,1,1,89,STAT319,2,1,92,CMPEN331,1,1,88
mbr9751@lionstate.edu,STAT319,2,1,90,EE353,2,1,98,MATH141,2,1,78
mhi9404@lionstate.edu,DS120,2,1,86,CMPEN351,1,1,61,CMPEN270,2,1,87
sgr1450@lionstate.edu,ECON201,2,1,95,EE210,2,1,83,CMPSC131,1,1,88
slu4029@lionstate.edu,CHEM111,2,1,70,CMPSC465,2,1,73,CSE583,1,1,63
tzu3964@lionstate.edu,EE352,2,1,94,CMPSC131,2,1,84,PHYS211,1,1,61
bkr1614@lionstate.edu,ECON102,1,1,83,CMPEN454,2,1,80,CMPEN411,2,1,80
afe9226@lionstate.edu,EE211,2,1,95,CMPSC360,2,1,67,MATH231,2,1,67
atr7724@lionstate.edu,DS120,2,1,87,STAT414,2,1,71,CMPSC475,1,1,67
bbe1971@lionstate.edu,CMPEN441,1,1,89,CMPSC461,1,1,85,CHEM112,2,1,76
abl5494@lionstate.edu,DS220,1,1,72,CMPSC461,1,1,73,CMPSC132,1,1,78
asc7849@lionstate.edu,EE352,2,1,67,CMPEN431,2,1,78,EE330,2,1,86
asc2462@lionstate.edu,EE353,1,1,73,CMPSC475,2,1,76,PHYS214,2,1,70
amc6705@lionstate.edu,CHEM110,1,1,99,EE330,1,1,69,CSE543,1,1,96
abe7143@lionstate.edu,EE353,2,1,85,DS120,1,1,97,EE320,2,1,69
abu4594@lionstate.edu,IST110,1,1,88,DS120,1,1,68,CMPSC448,1,1,93
agl6867@lionstate.edu,MATH231,1,1,84,DS220,2,1,68,CHEM112,1,1,83
aer4333@lionstate.edu,CMPSC497,1,1,86,STAT319,1,1,91,CMPEN454,2,1,65
asc3862@lionstate.edu,CSE583,2,1,97,PHYS212,1,1,92,CMPEN351,2,1,99
asp5352@lionstate.edu,DS220,1,1,94,CMPEN362,1,1,98,ECON101,2,1,85
aho2701@lionstate.edu,IST128,2,1,95,IST110,1,1,66,CMPSC132,1,1,99
acr7084@lionstate.edu,CSE583,2,1,61,CMPEN441,2,1,76,CMPSC461,1,1,98
bst2160@lionstate.edu,CMPSC431W,2,1,63,CSE583,2,1,72,IST128,1,1,62
ari8290@lionstate.edu,CMPEN454,1,1,63,CMPSC131,2,1,60,CMPEN270,1,1,71
bke6313@lionstate.edu,ECON101,2,1,95,CMPEN270,1,1,96,STAT414,2,1,68
ahe6284@lionstate.edu,CMPEN351,2,1,85,PHYS213,1,1,81,EE311,1,1,100
ast8005@lionstate.edu,CMPEN362,1,1,81,EE330,1,1,90,DS220,1,1,80
aha8564@lionstate.edu,MATH140,1,1,67,CMPEN411,2,1,98,CMPSC497,2,1,86
bly7859@lionstate.edu,PHYS213,2,1,95,STAT318,1,1,63,EE353,1,1,84
bpa6768@lionstate.edu,CMPEN270,2,1,88,CMPSC461,2,1,76,IST558,2,1,88
ahe1279@lionstate.edu,CMPEN411,2,1,73,STAT414,1,1,90,CMPSC497,2,1,94
awa9571@lionstate.edu,CMPEN351,1,1,71,MATH140,1,1,68,STAT415,2,1,89
apa2541@lionstate.edu,CHEM111,1,1,75,DS220,1,1,89,EE210,2,1,64
awa1809@lionstate.edu,CMPEN351,1,1,65,EE311,1,1,76,STAT414,1,1,75
abr2628@lionstate.edu,MATH141,1,1,95,CMPEN411,2,1,95,MATH230,2,1,88
asi6829@lionstate.edu,EE212,2,1,90,CMPEN351,1,1,77,CMPEN362,1,1,91
awi4582@lionstate.edu,ECON102,2,1,99,CMPSC360,1,1,97,EE353,2,1,70
abl8902@lionstate.edu,CMPSC311,2,1,97,STAT414,1,1,79,STAT318,2,1,72
ayo6298@lionstate.edu,EE211,1,1,94,ECON101,2,1,96,CMPEN411,2,1,75
ama3077@lionstate.edu,PHYS213,1,1,90,CMPSC461,2,1,77,DS120,2,1,66
co'1788@lionstate.edu,CMPSC431W,1,1,65,CMPSC131,2,1,75,CMPEN411,1,1,76
bgi3522@lionstate.edu,ECON201,1,1,94,IST558,2,1,74,CMPEN331,2,1,71
czb9309@lionstate.edu,CMPEN454,1,1,99,CMPSC311,1,1,90,CMPEN362,1,1,91
cha9704@lionstate.edu,CMPEN454,2,1,88,CMPSC461,1,1,62,PHYS213,1,1,88
ama6515@lionstate.edu,MATH140,2,1,69,CMPEN454,2,1,68,IST558,1,1,96
cgi1101@lionstate.edu,CMPSC221,1,1,69,CMPEN331,1,1,95,EE353,1,1,71
cha2583@lionstate.edu,CMPSC131,1,1,60,CMPSC132,2,1,70,EE311,2,1,91
cdo9201@lionstate.edu,EE352,2,1,75,CSE583,1,1,90,CMPSC461,1,1,99
bbe7235@lionstate.edu,PHYS214,1,1,65,CMPSC465,2,1,60,CSE583,1,1,70
aje9160@lionstate.edu,CMPSC461,2,1,89,CMPEN270,1,1,91,MATH141,2,1,98
csp7875@lionstate.edu,EE212,1,1,68,EE311,2,1,77,CMPSC132,1,1,77
ali7453@lionstate.edu,CHEM110,2,1,98,CMPSC461,2,1,62,EE212,2,1,85
dgo8205@lionstate.edu,CMPSC311,1,1,85,MATH140,2,1,64,CMPSC431W,1,1,89
awi7768@lionstate.edu,PHYS214,2,1,85,ECON201,2,1,99,CMPSC448,2,1,60
bre4160@lionstate.edu,EE212,2,1,81,STAT415,2,1,63,CMPSC132,1,1,70
cbi3526@lionstate.edu,MATH231,1,1,72,CMPEN454,1,1,74,EE211,1,1,97
dhu6635@lionstate.edu,MATH140,1,1,84,CHEM112,1,1,72,CHEM110,1,1,77
bpa2803@lionstate.edu,CMPEN441,2,1,84,CMPSC132,1,1,92,MATH140,2,1,60
cgu3158@lionstate.edu,CMPEN351,1,1,98,EE340,1,1,70,CMPEN270,1,1,61
cos1799@lionstate.edu,CMPSC132,2,1,67,MATH230,2,1,86,CMPSC131,1,1,72
dka4769@lionstate.edu,IST558,1,1,90,IST128,2,1,84,CMPEN331,1,1,100
ago3924@lionstate.edu,ECON102,1,1,72,CMPEN431,2,1,89,CSE583,2,1,80
bha9246@lionstate.edu,CMPEN411,2,1,65,CMPSC131,1,1,62,CMPSC221,1,1,99
ast8438@lionstate.edu,CMPSC132,1,1,97,CMPSC448,1,1,62,CSE583,1,1,80
bko7832@lionstate.edu,CSE583,2,1,86,PHYS214,2,1,60,STAT319,1,1,99
dsh8625@lionstate.edu,MATH230,2,1,77,CSE543,1,1,98,CMPEN441,2,1,73
acr2307@lionstate.edu,IST110,1,1,98,CMPEN441,1,1,72,CMPSC465,2,1,72
cku1462@lionstate.edu,STAT415,2,1,69,CSE583,1,1,96,EE353,2,1,71
cfl5329@lionstate.edu,STAT415,1,1,100,CHEM111,1,1,83,CMPSC448,2,1,62
bre8066@lionstate.edu,CMPSC497,1,1,94,DS220,2,1,86,IST558,1,1,93
cre5153@lionstate.edu,CMPEN441,1,1,88,CHEM110,1,1,85,MATH230,2,1,70
che7946@lionstate.edu,CHEM111,2,1,93,MATH141,1,1,74,MATH230,2,1,83
dhe6440@lionstate.edu,PHYS211,1,1,89,CMPEN441,1,1,92,CMPSC475,1,1,64
bja8759@lionstate.edu,EE320,1,1,93,STAT319,1,1,93,IST110,1,1,60
chi8541@lionstate.edu,CHEM112,2,1,94,DS220,2,1,90,MATH140,1,1,89
aku9191@lionstate.edu,MATH140,1,1,90,CMPSC465,2,1,81,EE330,2,1,63
ago2420@lionstate.edu,CMPEN331,1,1,79,MATH231,1,1,92,CMPEN270,2,1,60
bbe6804@lionstate.edu,CMPSC475,2,1,76,CSE543,2,1,77,CMPSC131,1,1,70
awi6807@lionstate.edu,MATH231,2,1,61,PHYS214,1,1,60,PHYS211,2,1,81
cra1384@lionstate.edu,CMPSC132,2,1,68,CMPSC131,2,1,88,CMPEN431,1,1,79
cni4777@lionstate.edu,CMPSC132,1,1,87,STAT415,1,1,65,ECON201,2,1,94
bmu5779@lionstate.edu,ECON102,2,1,94,PHYS214,2,1,71,STAT415,1,1,73
cru1287@lionstate.edu,ECON102,2,1,96,EE352,2,1,83,CMPSC431W,2,1,83
abr2910@lionstate.edu,CMPSC465,1,1,65,CMPEN362,2,1,93,EE210,1,1,91
cro4659@lionstate.edu,DS220,2,1,78,CMPSC311,2,1,67,EE210,1,1,93
asc7710@lionstate.edu,CMPSC132,1,1,95,MATH140,2,1,64,CHEM110,1,1,77
bbi5217@lionstate.edu,DS120,1,1,68,PHYS212,1,1,78,MATH231,2,1,99
cwi9696@lionstate.edu,EE320,1,1,60,IST128,2,1,61,IST558,1,1,84
amu1271@lionstate.edu,CMPSC475,2,1,90,CMPSC448,2,1,73,PHYS214,1,1,88
cbr3311@lionstate.edu,ECON101,1,1,63,PHYS212,2,1,76,CSE543,2,1,68
ahu9998@lionstate.edu,ECON101,1,1,91,DS220,1,1,87,STAT414,1,1,78
bhu8777@lionstate.edu,CMPSC465,2,1,90,EE311,1,1,79,CMPEN362,1,1,85
cke5626@lionstate.edu,CMPEN431,2,1,65,EE212,2,1,66,STAT319,2,1,83
cre3514@lionstate.edu,CMPSC311,1,1,69,PHYS212,2,1,73,MATH140,2,1,73
aan1394@lionstate.edu,CMPEN331,2,1,98,CMPSC497,1,1,88,DS220,1,1,73
cre5333@lionstate.edu,CMPSC448,2,1,66,CMPEN351,1,1,96,CMPEN411,1,1,76
cti9525@lionstate.edu,CMPEN441,1,1,62,CSE543,2,1,67,MATH231,2,1,85
bwi3191@lionstate.edu,IST110,2,1,83,ECON102,2,1,75,CMPSC465,1,1,95
cgr2892@lionstate.edu,DS120,2,1,100,CMPEN362,2,1,66,CMPSC221,2,1,65
cch7675@lionstate.edu,MATH231,2,1,75,CHEM112,1,1,81,ECON101,1,1,65
cco4658@lionstate.edu,EE212,2,1,78,CMPEN454,1,1,71,CMPSC448,2,1,98
car7539@lionstate.edu,DS120,1,1,63,CMPSC311,1,1,88,ECON102,1,1,97
cqu9106@lionstate.edu,PHYS212,1,1,69,STAT319,1,1,81,EE352,2,1,76
cni4297@lionstate.edu,CHEM112,2,1,98,CMPSC475,2,1,91,PHYS211,1,1,66
bla8825@lionstate.edu,CMPSC311,1,1,82,IST558,2,1,99,EE320,2,1,72
ban4029@lionstate.edu,STAT414,2,1,66,CMPSC311,2,1,78,EE210,1,1,79
cwi9611@lionstate.edu,IST110,2,1,81,CMPSC311,2,1,75,CMPSC221,1,1,99
cma2608@lionstate.edu,MATH140,1,1,93,EE330,2,1,65,EE211,1,1,94
cke2909@lionstate.edu,IST110,1,1,67,CMPSC448,2,1,63,CMPSC360,2,1,90
con6570@lionstate.edu,CMPEN362,1,1,72,EE340,1,1,70,DS120,1,1,94
csc4424@lionstate.edu,CMPEN441,1,1,60,EE352,2,1,63,STAT414,2,1,64
bco6864@lionstate.edu,CMPEN431,1,1,61,STAT415,2,1,89,STAT319,2,1,93
afe8207@lionstate.edu,MATH230,2,1,88,STAT415,2,1,91,CMPEN331,1,1,91
amo1787@lionstate.edu,EE211,2,1,61,EE340,1,1,83,PHYS211,2,1,70
bpa4624@lionstate.edu,EE320,2,1,79,EE311,1,1,86,PHYS213,2,1,77
cwe7743@lionstate.edu,DS220,2,1,76,CMPEN331,1,1,91,CMPSC448,1,1,91
bla3620@lionstate.edu,CMPSC221,2,1,70,CMPSC475,2,1,98,DS120,1,1,85
csp1832@lionstate.edu,CHEM111,1,1,78,CMPEN362,2,1,76,IST110,1,1,68
aha9580@lionstate.edu,DS120,1,1,91,STAT415,2,1,79,EE210,2,1,93
csc4465@lionstate.edu,PHYS213,1,1,89,MATH230,2,1,65,MATH140,2,1,73
bke2342@lionstate.edu,CHEM111,1,1,79,EE340,1,1,82,EE352,1,1,91
che2186@lionstate.edu,CMPSC221,2,1,85,CMPSC132,2,1,61,MATH231,2,1,76
aro5610@lionstate.edu,EE211,2,1,98,MATH231,2,1,90,IST110,2,1,93
bmu2685@lionstate.edu,EE330,1,1,67,CMPSC221,2,1,67,IST110,1,1,92
bsh2898@lionstate.edu,CMPSC360,2,1,78,CMPEN270,2,1,67,CMPEN441,1,1,63
cau6355@lionstate.edu,STAT318,1,1,75,EE311,2,1,81,CMPSC465,1,1,74
cba9384@lionstate.edu,CMPEN331,2,1,88,STAT318,2,1,69,DS220,1,1,80
dho6824@lionstate.edu,CMPSC131,1,1,87,CMPEN351,2,1,75,IST558,1,1,97
ali8320@lionstate.edu,CMPEN454,1,1,92,CMPEN362,2,1,71,ECON201,1,1,65
aku5912@lionstate.edu,EE210,2,1,63,MATH230,1,1,71,MATH140,2,1,99
cal6530@lionstate.edu,EE340,2,1,95,STAT414,2,1,98,CMPEN441,2,1,82
ast1417@lionstate.edu,PHYS214,2,1,81,CMPEN351,2,1,63,CMPSC465,1,1,73
cke2083@lionstate.edu,DS220,2,1,77,PHYS211,1,1,94,CMPSC131,1,1,91
dro6812@lionstate.edu,CMPSC132,1,1,66,IST110,2,1,90,EE210,2,1,97
csc6517@lionstate.edu,CMPSC461,1,1,67,CMPEN441,1,1,73,STAT414,2,1,61
bdo2641@lionstate.edu,CMPEN331,2,1,68,CHEM112,2,1,80,ECON101,2,1,71
ble4792@lionstate.edu,EE353,2,1,66,EE330,2,1,66,CMPEN270,1,1,74
bol9798@lionstate.edu,ECON201,2,1,94,MATH141,2,1,63,EE212,1,1,64
cke5290@lionstate.edu,IST110,1,1,81,ECON101,1,1,98,MATH231,2,1,79
agu4622@lionstate.edu,STAT415,1,1,84,CMPEN431,1,1,68,CSE583,2,1,74
bfa8479@lionstate.edu,CSE543,1,1,68,PHYS213,1,1,96,PHYS211,2,1,76
dba2379@lionstate.edu,MATH140,1,1,96,CMPSC431W,2,1,84,CMPEN431,2,1,87
asc5301@lionstate.edu,CMPSC448,1,1,73,CMPSC497,1,1,75,CSE543,1,1,71
cda4101@lionstate.edu,EE353,1,1,64,PHYS211,1,1,87,CHEM111,2,1,94
aja6920@lionstate.edu,CMPSC461,2,1,65,DS220,1,1,86,CMPEN362,2,1,87
aef3745@lionstate.edu,CMPEN270,1,1,99,STAT415,1,1,89,CHEM111,2,1,70
cco1519@lionstate.edu,CMPSC461,1,1,79,MATH141,2,1,62,EE212,2,1,94
bro8229@lionstate.edu,MATH231,1,1,81,CMPEN431,1,1,76,PHYS213,1,1,69
dcr2568@lionstate.edu,CMPSC448,1,1,81,EE353,1,1,63,CHEM111,1,1,69
apo8918@lionstate.edu,CMPEN411,2,1,94,EE320,2,1,84,CMPEN331,2,1,80
bbe8960@lionstate.edu,EE352,2,1,60,MATH141,2,1,63,EE212,2,1,86
cpr2105@lionstate.edu,PHYS212,2,1,75,STAT319,2,1,83,PHYS211,2,1,74
dhi1400@lionstate.edu,CMPEN351,1,1,86,EE330,1,1,89,CMPEN411,1,1,72
ao'9620@lionstate.edu,CMPSC497,2,1,66,ECON201,1,1,61,EE330,2,1,68
cst7897@lionstate.edu,CMPEN411,1,1,66,EE311,1,1,81,CMPEN331,2,1,90
cwi9823@lionstate.edu,ECON201,1,1,75,ECON102,2,1,85,MATH140,1,1,71
cmu4682@lionstate.edu,EE210,2,1,69,PHYS214,2,1,97,CMPSC360,1,1,94
abr4642@lionstate.edu,CSE543,2,1,74,MATH141,1,1,92,CMPSC497,2,1,69
cwa6554@lionstate.edu,IST128,2,1,74,PHYS213,1,1,92,CMPEN411,2,1,99
awo8057@lionstate.edu,ECON102,1,1,96,STAT318,2,1,94,EE340,1,1,70
cba7752@lionstate.edu,CMPEN270,1,1,97,CMPEN411,2,1,72,STAT319,2,1,61
btu9894@lionstate.edu,CMPEN411,1,1,90,EE212,1,1,75,CSE583,2,1,100
cst5445@lionstate.edu,CHEM112,1,1,94,CMPSC465,1,1,68,STAT319,2,1,93
dbo6055@lionstate.edu,CMPEN411,2,1,83,ECON102,1,1,71,CMPSC360,1,1,94
csi7325@lionstate.edu,EE210,1,1,62,CMPEN351,1,1,69,CMPEN270,2,1,96
eho2438@lionstate.edu,STAT415,1,1,69,PHYS213,2,1,84,CMPEN270,1,1,85
gla6703@lionstate.edu,EE330,2,1,72,STAT318,2,1,63,CMPEN270,2,1,61
eul3401@lionstate.edu,ECON101,2,1,92,ECON102,2,1,67,CMPEN351,1,1,77
gje5238@lionstate.edu,EE210,2,1,71,CMPEN454,1,1,90,ECON102,1,1,92
fem3105@lionstate.edu,CMPEN351,1,1,87,CSE543,1,1,66,ECON201,2,1,63
ewa3673@lionstate.edu,EE211,2,1,89,EE340,2,1,78,CHEM111,1,1,98
eda6907@lionstate.edu,EE353,2,1,63,EE330,2,1,70,CSE583,1,1,98
gpa9063@lionstate.edu,CMPEN411,2,1,63,CMPSC448,1,1,87,EE311,2,1,91
isc1736@lionstate.edu,EE352,1,1,91,STAT415,1,1,93,ECON201,1,1,64
iem2812@lionstate.edu,CMPEN431,2,1,63,CMPSC461,1,1,65,PHYS214,2,1,61
eko8983@lionstate.edu,EE210,2,1,67,CHEM112,2,1,65,PHYS214,1,1,69
gja2457@lionstate.edu,EE352,2,1,66,ECON101,2,1,84,CHEM111,1,1,70
dgu6109@lionstate.edu,EE311,1,1,80,DS120,1,1,64,EE352,2,1,75
emo2262@lionstate.edu,EE330,2,1,82,CHEM112,2,1,61,EE320,1,1,70
dbu9499@lionstate.edu,IST110,2,1,69,CMPSC360,1,1,82,MATH230,2,1,94
gle6196@lionstate.edu,MATH140,1,1,88,CMPSC221,2,1,99,CMPSC448,2,1,100
das7737@lionstate.edu,CMPSC221,2,1,79,PHYS213,2,1,70,DS120,1,1,91
eda3706@lionstate.edu,DS220,2,1,74,ECON101,1,1,100,CMPEN331,1,1,70
gri9899@lionstate.edu,CMPSC360,1,1,76,CMPEN441,1,1,78,IST558,1,1,76
fko5077@lionstate.edu,EE353,1,1,78,STAT414,1,1,96,STAT415,1,1,90
eau5556@lionstate.edu,EE320,2,1,82,ECON101,2,1,63,STAT414,2,1,73
dle5410@lionstate.edu,CMPEN270,1,1,85,CMPSC448,1,1,80,IST110,1,1,67
dka3721@lionstate.edu,CSE543,2,1,62,CMPSC131,2,1,100,PHYS213,2,1,95
do'6054@lionstate.edu,CMPEN351,2,1,74,CMPEN331,1,1,100,EE320,1,1,66
ewa2037@lionstate.edu,MATH231,1,1,75,CMPEN351,2,1,69,STAT318,1,1,87
dwu9169@lionstate.edu,EE340,2,1,94,CMPEN331,2,1,73,CSE543,1,1,68
fo'6167@lionstate.edu,MATH231,1,1,73,CHEM111,1,1,61,EE210,2,1,67
don6643@lionstate.edu,CMPSC360,1,1,79,CSE583,2,1,86,EE212,2,1,83
dle3899@lionstate.edu,IST558,1,1,99,MATH230,2,1,91,ECON101,2,1,98
hco5500@lionstate.edu,CMPEN362,1,1,85,DS120,2,1,65,CMPSC132,2,1,86
fwi8821@lionstate.edu,PHYS214,1,1,65,ECON101,2,1,76,CMPSC360,1,1,89
fbe8649@lionstate.edu,CMPEN351,2,1,79,CMPSC131,2,1,89,CMPSC461,1,1,60
ejo5512@lionstate.edu,PHYS214,1,1,87,CMPEN351,2,1,64,CMPSC311,2,1,87
gsp6165@lionstate.edu,DS120,2,1,79,ECON101,1,1,78,CMPEN454,1,1,61
hsc7353@lionstate.edu,IST110,2,1,88,EE320,2,1,97,CHEM112,2,1,67
ere1755@lionstate.edu,CMPSC221,1,1,66,PHYS211,1,1,84,CMPSC448,2,1,89
gba7661@lionstate.edu,ECON102,2,1,90,MATH230,1,1,77,CMPSC221,1,1,72
eha5861@lionstate.edu,EE340,1,1,81,MATH141,2,1,99,CMPEN331,2,1,71
dsc6643@lionstate.edu,STAT318,1,1,86,ECON102,2,1,99,EE353,1,1,97
dwi1180@lionstate.edu,EE353,2,1,64,EE340,1,1,62,MATH140,1,1,68
ebe7690@lionstate.edu,CMPSC311,1,1,60,CMPSC360,1,1,92,MATH141,1,1,81
gbr1918@lionstate.edu,MATH141,1,1,87,IST558,2,1,84,CMPSC448,2,1,97
ebo5772@lionstate.edu,EE212,1,1,82,EE311,2,1,66,STAT415,2,1,92
fmu1882@lionstate.edu,EE330,2,1,63,CMPSC497,1,1,85,STAT415,2,1,93
ili9357@lionstate.edu,CMPEN454,2,1,67,EE212,1,1,86,ECON101,2,1,81
ebe1511@lionstate.edu,STAT319,2,1,84,CSE543,2,1,81,CMPSC465,1,1,93
gbe6590@lionstate.edu,CMPEN331,2,1,98,CMPSC465,1,1,61,IST110,1,1,61
elo4775@lionstate.edu,CMPSC475,1,1,75,PHYS214,1,1,74,PHYS212,2,1,81
dza5980@lionstate.edu,EE210,1,1,73,STAT319,2,1,83,MATH140,1,1,65
emi8232@lionstate.edu,CMPSC448,1,1,92,CSE583,2,1,83,MATH140,1,1,94
dde2898@lionstate.edu,CMPSC465,2,1,91,EE211,2,1,78,CMPSC475,2,1,73
hbe2422@lionstate.edu,CMPSC465,2,1,89,CSE583,2,1,98,CMPEN351,2,1,88
dul8690@lionstate.edu,EE330,1,1,100,CMPSC448,1,1,70,CMPSC461,1,1,61
dos5296@lionstate.edu,CMPSC431W,2,1,76,CMPEN362,1,1,87,CMPSC475,2,1,82
hha5862@lionstate.edu,MATH231,2,1,96,CSE583,1,1,72,PHYS213,2,1,77
gli8369@lionstate.edu,PHYS212,2,1,71,MATH141,1,1,75,CMPEN454,1,1,73
dsy2833@lionstate.edu,PHYS214,2,1,99,CHEM112,1,1,61,CMPSC132,1,1,96
eja9335@lionstate.edu,CMPSC131,1,1,99,MATH141,1,1,63,IST558,1,1,74
dto9651@lionstate.edu,CMPSC221,1,1,84,CSE543,1,1,88,CMPSC461,1,1,73
gha1127@lionstate.edu,MATH140,1,1,92,CMPSC311,2,1,86,CMPSC461,2,1,88
dgr2584@lionstate.edu,EE340,1,1,80,EE210,2,1,91,CMPSC360,2,1,74
hqu9235@lionstate.edu,PHYS214,1,1,82,CMPEN431,1,1,88,ECON201,2,1,89
dli7331@lionstate.edu,EE320,2,1,70,IST128,2,1,96,CSE543,1,1,89
fke9331@lionstate.edu,EE352,1,1,60,CMPEN270,2,1,91,EE320,2,1,74
hsc9271@lionstate.edu,MATH230,1,1,63,CMPSC461,2,1,90,STAT318,1,1,61
ega5701@lionstate.edu,ECON201,1,1,60,CSE543,2,1,62,STAT319,2,1,68
eha3605@lionstate.edu,CMPEN270,2,1,68,IST558,1,1,81,CMPSC221,1,1,75
dgr3445@lionstate.edu,EE311,1,1,72,EE210,1,1,82,CHEM112,2,1,81
ewi7719@lionstate.edu,EE320,1,1,74,EE210,2,1,84,MATH230,1,1,77
dra6398@lionstate.edu,MATH140,2,1,100,EE211,2,1,84,CMPEN441,2,1,70
iba6268@lionstate.edu,CMPSC461,2,1,66,DS120,2,1,91,CMPEN411,2,1,77
efe7194@lionstate.edu,STAT414,1,1,74,EE320,2,1,76,CMPEN351,1,1,87
hsa7005@lionstate.edu,CMPEN431,2,1,67,CMPSC448,1,1,99,CSE583,2,1,100
dhe4675@lionstate.edu,STAT318,1,1,85,CMPSC465,1,1,75,CMPSC431W,2,1,62
glu5165@lionstate.edu,DS220,1,1,74,MATH140,1,1,75,EE210,2,1,65
gro7380@lionstate.edu,PHYS211,2,1,83,CMPEN441,1,1,61,EE330,1,1,78
hmc3828@lionstate.edu,PHYS214,1,1,73,EE330,1,1,71,CMPEN431,1,1,89
era1993@lionstate.edu,CMPSC311,1,1,72,CMPEN362,2,1,96,EE211,1,1,89
ekr7262@lionstate.edu,CMPEN441,1,1,67,EE210,2,1,73,ECON102,1,1,61
gro1175@lionstate.edu,CMPSC360,2,1,62,EE311,2,1,83,EE211,1,1,92
fwi1167@lionstate.edu,CMPEN454,1,1,92,CMPSC360,2,1,71,EE212,2,1,92
fco4453@lionstate.edu,CMPEN454,2,1,81,ECON101,1,1,89,DS120,2,1,87
hho2415@lionstate.edu,DS220,1,1,98,CMPEN270,1,1,75,CMPEN431,1,1,63
dgl1808@lionstate.edu,STAT415,1,1,97,CMPEN431,1,1,70,CMPSC431W,1,1,99
dpr1912@lionstate.edu,ECON102,1,1,95,CMPEN351,2,1,71,CHEM110,1,1,97
gda4655@lionstate.edu,CMPSC132,1,1,78,CMPSC221,1,1,84,EE340,1,1,92
dgu3121@lionstate.edu,ECON101,1,1,84,CSE583,1,1,90,MATH141,2,1,60
gri9047@lionstate.edu,EE210,1,1,72,MATH231,1,1,90,CMPEN441,1,1,68
dka8555@lionstate.edu,CMPSC131,1,1,80,CMPEN331,1,1,80,EE340,1,1,69
fru9222@lionstate.edu,EE330,1,1,87,CMPEN454,1,1,79,CMPSC360,2,1,60
hco6423@lionstate.edu,CMPEN454,1,1,79,CMPSC497,2,1,99,CMPEN270,2,1,80
fan4600@lionstate.edu,CMPSC475,1,1,83,STAT415,2,1,61,CHEM111,2,1,69
ffe7299@lionstate.edu,CMPSC461,2,1,74,PHYS211,1,1,60,ECON101,1,1,75
gje9368@lionstate.edu,PHYS211,2,1,91,CMPEN331,2,1,80,CHEM110,2,1,75
dke5393@lionstate.edu,CMPEN411,2,1,97,MATH231,1,1,89,EE352,1,1,95
gha3078@lionstate.edu,CMPSC131,2,1,84,CMPSC221,2,1,71,PHYS213,2,1,99
gsc7459@lionstate.edu,IST128,2,1,69,IST558,1,1,68,CMPSC465,1,1,79
ebo8800@lionstate.edu,CMPSC465,2,1,89,EE211,2,1,66,PHYS214,2,1,70
dth9255@lionstate.edu,CMPSC360,1,1,89,EE353,2,1,64,CMPEN351,2,1,93
emu6564@lionstate.edu,PHYS212,1,1,67,EE212,1,1,91,STAT414,2,1,87
hha5390@lionstate.edu,STAT319,2,1,78,CSE583,2,1,75,CMPSC311,1,1,99
eha9004@lionstate.edu,ECON201,2,1,68,ECON102,2,1,97,CMPSC461,2,1,88
hma5409@lionstate.edu,CMPEN441,2,1,72,CMPSC448,2,1,70,ECON101,2,1,65
equ5569@lionstate.edu,IST110,2,1,97,CMPEN331,1,1,77,EE210,2,1,90
hwi7295@lionstate.edu,CMPSC431W,2,1,69,DS220,1,1,73,CMPSC461,2,1,77
ewa4239@lionstate.edu,CMPSC465,1,1,100,STAT318,1,1,92,ECON101,2,1,99
eku6733@lionstate.edu,CSE543,1,1,62,MATH141,2,1,100,EE352,1,1,61
dmo3632@lionstate.edu,CMPEN270,1,1,89,EE330,2,1,79,IST110,1,1,64
eru8875@lionstate.edu,CMPEN362,2,1,69,ECON101,2,1,81,CSE543,2,1,72
ewi7053@lionstate.edu,CMPEN270,1,1,73,ECON102,2,1,72,EE311,1,1,73
gpf4338@lionstate.edu,CSE583,1,1,98,CSE543,2,1,75,CMPSC475,1,1,82
dhi2046@lionstate.edu,CMPSC475,2,1,98,CMPSC431W,1,1,86,EE212,2,1,89
eor3911@lionstate.edu,CMPSC132,1,1,96,EE211,2,1,99,CMPSC431W,1,1,90
dar8112@lionstate.edu,CMPSC465,1,1,75,MATH140,1,1,69,EE352,2,1,67
gdo2323@lionstate.edu,CMPSC221,2,1,69,CMPSC475,2,1,65,EE320,2,1,66
dmo8469@lionstate.edu,CMPSC465,2,1,65,PHYS212,1,1,87,CMPSC360,2,1,91
djo7177@lionstate.edu,STAT415,1,1,64,CHEM111,2,1,90,PHYS213,2,1,76
dgo7552@lionstate.edu,MATH140,2,1,88,EE340,2,1,78,MATH231,2,1,78
iwe8564@lionstate.edu,CMPSC431W,2,1,95,EE211,1,1,83,DS220,2,1,89
dsw8653@lionstate.edu,STAT414,1,1,66,ECON101,2,1,79,STAT415,2,1,87
dsc8667@lionstate.edu,CMPEN351,1,1,100,ECON102,2,1,81,CMPSC461,2,1,65
hla2951@lionstate.edu,MATH140,2,1,60,CHEM110,2,1,66,CMPSC131,2,1,62
dwe7522@lionstate.edu,EE340,2,1,96,CMPSC497,1,1,100,EE212,2,1,96
fto3481@lionstate.edu,CMPSC465,1,1,95,MATH141,1,1,81,CMPSC448,2,1,65
fsc6641@lionstate.edu,CMPEN431,1,1,87,CMPEN270,1,1,72,CMPEN411,1,1,99
dsc6224@lionstate.edu,CMPSC461,2,1,60,EE211,1,1,93,PHYS212,2,1,70
est8109@lionstate.edu,CMPSC475,1,1,86,STAT318,1,1,60,STAT319,1,1,85
gtu8968@lionstate.edu,CMPEN441,1,1,76,IST128,2,1,62,ECON201,2,1,66
dca4962@lionstate.edu,IST128,1,1,62,CMPSC497,1,1,68,PHYS212,2,1,68
eke2974@lionstate.edu,CHEM112,2,1,62,CMPSC465,2,1,99,CMPEN362,2,1,96
fgo6601@lionstate.edu,MATH140,2,1,96,CHEM110,2,1,63,CHEM111,1,1,93
dau4671@lionstate.edu,EE210,1,1,65,CMPSC448,1,1,79,CHEM110,1,1,64
fst4172@lionstate.edu,CMPSC475,2,1,76,PHYS213,2,1,88,CMPEN270,1,1,69
ewu3608@lionstate.edu,EE211,2,1,73,MATH230,2,1,73,CHEM111,1,1,93
hha4579@lionstate.edu,PHYS214,2,1,99,EE210,2,1,88,DS220,2,1,61
gdi6403@lionstate.edu,EE330,2,1,86,EE352,2,1,86,STAT415,1,1,61
gho9279@lionstate.edu,PHYS212,1,1,83,EE210,2,1,80,PHYS214,1,1,68
hbe9043@lionstate.edu,CMPSC131,2,1,74,ECON101,1,1,73,EE330,1,1,83
dlu5342@lionstate.edu,IST110,1,1,92,CMPSC131,2,1,68,MATH141,2,1,73
fwi4093@lionstate.edu,CMPSC461,2,1,100,CHEM111,1,1,92,MATH231,1,1,82
gbo5236@lionstate.edu,CMPSC360,1,1,80,EE330,2,1,70,CMPSC448,2,1,64
eda1662@lionstate.edu,EE311,1,1,64,CMPSC497,1,1,79,MATH231,2,1,60
ero7419@lionstate.edu,EE211,1,1,75,CMPSC497,2,1,64,MATH231,1,1,88
eje5154@lionstate.edu,ECON102,1,1,97,EE352,1,1,99,CMPSC131,1,1,100
gsh4183@lionstate.edu,IST558,2,1,97,IST110,1,1,73,CMPEN441,1,1,99
dmo5043@lionstate.edu,CMPEN362,2,1,90,EE352,1,1,97,EE210,2,1,82
fho6099@lionstate.edu,CMPSC132,2,1,71,CMPEN441,1,1,73,CMPSC131,1,1,88
gri8843@lionstate.edu,CMPSC475,2,1,78,EE353,2,1,97,IST128,2,1,61
hmo1766@lionstate.edu,CMPSC360,1,1,92,EE212,1,1,77,CMPSC475,1,1,88
egr8661@lionstate.edu,ECON101,2,1,68,CMPSC497,1,1,71,DS220,1,1,60
emo9364@lionstate.edu,PHYS213,1,1,66,CMPSC360,2,1,94,CMPEN431,1,1,97
ego5088@lionstate.edu,STAT319,1,1,66,PHYS212,1,1,90,CMPSC461,1,1,68
dco3584@lionstate.edu,PHYS213,2,1,91,PHYS211,1,1,61,EE320,2,1,74
eos2514@lionstate.edu,CHEM110,1,1,93,CMPEN411,2,1,89,STAT318,1,1,76
ekr7111@lionstate.edu,CMPSC221,2,1,75,PHYS211,1,1,78,STAT415,2,1,99
ibl7919@lionstate.edu,EE210,2,1,64,CSE543,2,1,68,CMPSC497,1,1,62
dll1126@lionstate.edu,CHEM110,1,1,87,CMPEN454,1,1,66,STAT318,2,1,72
ghe6923@lionstate.edu,CSE583,2,1,65,CMPSC221,2,1,88,STAT415,2,1,99
dca7691@lionstate.edu,CHEM111,2,1,62,CMPEN454,2,1,96,CMPSC360,1,1,76
ema3198@lionstate.edu,EE340,2,1,87,CMPSC131,2,1,73,CHEM112,2,1,95
dko7141@lionstate.edu,CMPSC221,2,1,75,CMPEN441,1,1,96,PHYS211,2,1,95
gsc8857@lionstate.edu,MATH230,1,1,91,EE352,1,1,80,MATH140,1,1,65
gpo8007@lionstate.edu,PHYS213,2,1,86,CMPSC448,1,1,70,CMPEN431,2,1,97
esc3235@lionstate.edu,ECON102,1,1,84,MATH231,1,1,96,ECON201,2,1,93
dsc1531@lionstate.edu,ECON201,2,1,77,STAT319,2,1,84,PHYS214,2,1,72
era5006@lionstate.edu,CMPSC132,2,1,93,IST110,1,1,83,PHYS211,2,1,79
dos4686@lionstate.edu,MATH141,2,1,82,EE353,2,1,63,CMPSC465,2,1,100
ero6656@lionstate.edu,CSE583,2,1,85,IST128,2,1,65,STAT415,1,1,90
dsp8278@lionstate.edu,EE212,1,1,79,CMPSC448,1,1,96,EE330,1,1,87
dgu2182@lionstate.edu,CMPEN331,1,1,86,EE352,1,1,88,CMPSC497,2,1,95
dru6558@lionstate.edu,MATH141,1,1,70,CMPEN331,2,1,68,MATH230,2,1,67
era8695@lionstate.edu,EE353,1,1,74,CMPEN362,2,1,60,STAT319,2,1,92
gco1287@lionstate.edu,CSE583,2,1,73,CMPSC465,2,1,90,PHYS212,2,1,86
dau3899@lionstate.edu,EE311,2,1,93,EE210,1,1,61,DS120,2,1,82
gke6046@lionstate.edu,ECON101,1,1,98,CMPSC221,1,1,61,CMPEN454,2,1,75
hst8869@lionstate.edu,CMPEN270,1,1,73,CHEM110,1,1,64,EE211,1,1,89
hbo6532@lionstate.edu,EE311,2,1,83,EE211,2,1,75,MATH140,1,1,87
hdu6288@lionstate.edu,EE311,1,1,73,EE330,1,1,85,CMPSC221,2,1,60
dma2479@lionstate.edu,CHEM112,2,1,64,CMPEN362,2,1,61,EE320,2,1,90
esm5729@lionstate.edu,ECON201,1,1,61,STAT414,2,1,83,ECON102,2,1,94
emc1573@lionstate.edu,CMPEN362,1,1,98,STAT318,1,1,78,PHYS212,1,1,80
dre1763@lionstate.edu,EE210,2,1,100,PHYS212,1,1,63,ECON201,2,1,62
dwe1922@lionstate.edu,CHEM110,2,1,93,ECON101,2,1,88,CMPSC221,1,1,66
dha8330@lionstate.edu,CMPSC311,2,1,83,MATH141,2,1,72,CMPSC431W,1,1,84
evo3410@lionstate.edu,CMPEN441,2,1,94,MATH230,2,1,82,STAT414,2,1,80
gwa4795@lionstate.edu,EE320,1,1,78,PHYS214,2,1,69,EE352,1,1,68
dre1837@lionstate.edu,CMPSC431W,2,1,72,EE352,1,1,81,CMPSC448,1,1,65
dha4724@lionstate.edu,EE212,2,1,72,CHEM110,1,1,79,MATH230,1,1,63
dcr5796@lionstate.edu,MATH231,2,1,66,CMPEN431,1,1,77,CHEM111,1,1,78
fho3009@lionstate.edu,CMPSC311,1,1,88,CMPEN411,1,1,70,CMPSC497,1,1,70
ewi3696@lionstate.edu,MATH141,1,1,79,EE320,2,1,68,EE340,1,1,66
eba8031@lionstate.edu,EE212,1,1,74,CMPEN431,1,1,73,CHEM111,2,1,96
fru6436@lionstate.edu,CSE543,1,1,76,DS120,1,1,67,CMPSC131,2,1,98
ebl1301@lionstate.edu,EE352,2,1,92,CMPSC448,2,1,72,EE211,1,1,96
eef9004@lionstate.edu,MATH230,2,1,94,CMPEN351,1,1,72,IST128,2,1,92
ero4695@lionstate.edu,EE352,2,1,66,PHYS211,1,1,85,CSE543,2,1,81
dan1283@lionstate.edu,EE212,2,1,65,PHYS211,2,1,77,CMPEN362,1,1,97
dru1153@lionstate.edu,CMPSC132,1,1,72,CMPSC465,1,1,77,PHYS214,1,1,81
eja4563@lionstate.edu,CMPSC311,1,1,83,CMPSC461,2,1,98,CMPEN454,2,1,72
dfo8788@lionstate.edu,MATH230,1,1,67,CMPEN351,2,1,67,PHYS212,1,1,78
dsa5269@lionstate.edu,CMPEN441,2,1,88,DS220,2,1,78,STAT319,2,1,94
hko4058@lionstate.edu,CMPEN351,1,1,76,PHYS211,2,1,100,CMPEN411,1,1,67
dgi6063@lionstate.edu,CMPEN362,2,1,74,CMPEN351,2,1,93,IST110,1,1,62
ema6571@lionstate.edu,CHEM112,1,1,87,EE320,1,1,90,STAT318,2,1,93
gku4413@lionstate.edu,PHYS213,2,1,87,CHEM110,2,1,66,STAT318,1,1,80
gcu8420@lionstate.edu,CMPSC131,1,1,61,EE311,2,1,77,CMPSC360,1,1,87
djo8575@lionstate.edu,CMPEN431,2,1,75,CMPSC497,2,1,80,MATH230,2,1,91
hru3139@lionstate.edu,PHYS211,2,1,75,EE330,1,1,60,CMPEN331,1,1,98
fbe3368@lionstate.edu,PHYS213,1,1,86,CSE543,1,1,83,CMPSC431W,1,1,87
del6081@lionstate.edu,CMPEN331,2,1,63,CHEM111,2,1,91,EE352,2,1,78
fma3537@lionstate.edu,CMPSC132,2,1,92,STAT415,2,1,99,CMPSC497,2,1,69
fry4954@lionstate.edu,IST558,1,1,94,ECON102,2,1,72,CHEM110,2,1,73
dla7510@lionstate.edu,EE210,1,1,86,CMPEN411,1,1,66,STAT415,1,1,81
dfl8617@lionstate.edu,IST558,2,1,99,CMPSC360,2,1,96,EE353,1,1,63
